{
"type": "FeatureCollection",
"name": "pilot-data",
"crs": { "type": "name", "properties": { "name": "urn:ogc:def:crs:OGC:1.3:CRS84" } },
"features": [
{ "type": "Feature", "properties": { "id": 2359, "left": 11400125.478269707, "top": -451055.33083616628, "right": 11400130.478269707, "bottom": -451050.33083616628, "row_index": 38, "col_index": 29, "jenis": "durian", "layer": "Clipped", "path": "Point?crs=EPSG:3857&field=id:long(0,0)&field=left:double(0,0)&field=top:double(0,0)&field=right:double(0,0)&field=bottom:double(0,0)&field=row_index:long(0,0)&field=col_index:long(0,0)&uid={b9ce6ca6-180e-4a3c-a6ad-ac32b9f91f01}" }, "geometry": { "type": "Point", "coordinates": [ 102.409173454912136, -4.048607996000844 ] } },
{ "type": "Feature", "properties": { "id": 2360, "left": 11400125.478269707, "top": -451060.33083616628, "right": 11400130.478269707, "bottom": -451055.33083616628, "row_index": 39, "col_index": 29, "jenis": "durian", "layer": "Clipped", "path": "Point?crs=EPSG:3857&field=id:long(0,0)&field=left:double(0,0)&field=top:double(0,0)&field=right:double(0,0)&field=bottom:double(0,0)&field=row_index:long(0,0)&field=col_index:long(0,0)&uid={b9ce6ca6-180e-4a3c-a6ad-ac32b9f91f01}" }, "geometry": { "type": "Point", "coordinates": [ 102.409173454912136, -4.048652799677058 ] } },
{ "type": "Feature", "properties": { "id": 2436, "left": 11400130.478269707, "top": -451040.33083616628, "right": 11400135.478269707, "bottom": -451035.33083616628, "row_index": 35, "col_index": 30, "jenis": "durian", "layer": "Clipped", "path": "Point?crs=EPSG:3857&field=id:long(0,0)&field=left:double(0,0)&field=top:double(0,0)&field=right:double(0,0)&field=bottom:double(0,0)&field=row_index:long(0,0)&field=col_index:long(0,0)&uid={b9ce6ca6-180e-4a3c-a6ad-ac32b9f91f01}" }, "geometry": { "type": "Point", "coordinates": [ 102.409218370676342, -4.048473584957317 ] } },
{ "type": "Feature", "properties": { "id": 2437, "left": 11400130.478269707, "top": -451045.33083616628, "right": 11400135.478269707, "bottom": -451040.33083616628, "row_index": 36, "col_index": 30, "jenis": "durian", "layer": "Clipped", "path": "Point?crs=EPSG:3857&field=id:long(0,0)&field=left:double(0,0)&field=top:double(0,0)&field=right:double(0,0)&field=bottom:double(0,0)&field=row_index:long(0,0)&field=col_index:long(0,0)&uid={b9ce6ca6-180e-4a3c-a6ad-ac32b9f91f01}" }, "geometry": { "type": "Point", "coordinates": [ 102.409218370676342, -4.048518388640972 ] } },
{ "type": "Feature", "properties": { "id": 2438, "left": 11400130.478269707, "top": -451050.33083616628, "right": 11400135.478269707, "bottom": -451045.33083616628, "row_index": 37, "col_index": 30, "jenis": "durian", "layer": "Clipped", "path": "Point?crs=EPSG:3857&field=id:long(0,0)&field=left:double(0,0)&field=top:double(0,0)&field=right:double(0,0)&field=bottom:double(0,0)&field=row_index:long(0,0)&field=col_index:long(0,0)&uid={b9ce6ca6-180e-4a3c-a6ad-ac32b9f91f01}" }, "geometry": { "type": "Point", "coordinates": [ 102.409218370676342, -4.048563192322147 ] } },
{ "type": "Feature", "properties": { "id": 2439, "left": 11400130.478269707, "top": -451055.33083616628, "right": 11400135.478269707, "bottom": -451050.33083616628, "row_index": 38, "col_index": 30, "jenis": "durian", "layer": "Clipped", "path": "Point?crs=EPSG:3857&field=id:long(0,0)&field=left:double(0,0)&field=top:double(0,0)&field=right:double(0,0)&field=bottom:double(0,0)&field=row_index:long(0,0)&field=col_index:long(0,0)&uid={b9ce6ca6-180e-4a3c-a6ad-ac32b9f91f01}" }, "geometry": { "type": "Point", "coordinates": [ 102.409218370676342, -4.048607996000844 ] } },
{ "type": "Feature", "properties": { "id": 2440, "left": 11400130.478269707, "top": -451060.33083616628, "right": 11400135.478269707, "bottom": -451055.33083616628, "row_index": 39, "col_index": 30, "jenis": "durian", "layer": "Clipped", "path": "Point?crs=EPSG:3857&field=id:long(0,0)&field=left:double(0,0)&field=top:double(0,0)&field=right:double(0,0)&field=bottom:double(0,0)&field=row_index:long(0,0)&field=col_index:long(0,0)&uid={b9ce6ca6-180e-4a3c-a6ad-ac32b9f91f01}" }, "geometry": { "type": "Point", "coordinates": [ 102.409218370676342, -4.048652799677058 ] } },
{ "type": "Feature", "properties": { "id": 2441, "left": 11400130.478269707, "top": -451065.33083616628, "right": 11400135.478269707, "bottom": -451060.33083616628, "row_index": 40, "col_index": 30, "jenis": "durian", "layer": "Clipped", "path": "Point?crs=EPSG:3857&field=id:long(0,0)&field=left:double(0,0)&field=top:double(0,0)&field=right:double(0,0)&field=bottom:double(0,0)&field=row_index:long(0,0)&field=col_index:long(0,0)&uid={b9ce6ca6-180e-4a3c-a6ad-ac32b9f91f01}" }, "geometry": { "type": "Point", "coordinates": [ 102.409218370676342, -4.048697603350795 ] } },
{ "type": "Feature", "properties": { "id": 2514, "left": 11400135.478269707, "top": -451030.33083616628, "right": 11400140.478269707, "bottom": -451025.33083616628, "row_index": 33, "col_index": 31, "jenis": "durian", "layer": "Clipped", "path": "Point?crs=EPSG:3857&field=id:long(0,0)&field=left:double(0,0)&field=top:double(0,0)&field=right:double(0,0)&field=bottom:double(0,0)&field=row_index:long(0,0)&field=col_index:long(0,0)&uid={b9ce6ca6-180e-4a3c-a6ad-ac32b9f91f01}" }, "geometry": { "type": "Point", "coordinates": [ 102.409263286440535, -4.048383977582567 ] } },
{ "type": "Feature", "properties": { "id": 2515, "left": 11400135.478269707, "top": -451035.33083616628, "right": 11400140.478269707, "bottom": -451030.33083616628, "row_index": 34, "col_index": 31, "jenis": "durian", "layer": "Clipped", "path": "Point?crs=EPSG:3857&field=id:long(0,0)&field=left:double(0,0)&field=top:double(0,0)&field=right:double(0,0)&field=bottom:double(0,0)&field=row_index:long(0,0)&field=col_index:long(0,0)&uid={b9ce6ca6-180e-4a3c-a6ad-ac32b9f91f01}" }, "geometry": { "type": "Point", "coordinates": [ 102.409263286440535, -4.048428781271182 ] } },
{ "type": "Feature", "properties": { "id": 2516, "left": 11400135.478269707, "top": -451040.33083616628, "right": 11400140.478269707, "bottom": -451035.33083616628, "row_index": 35, "col_index": 31, "jenis": "durian", "layer": "Clipped", "path": "Point?crs=EPSG:3857&field=id:long(0,0)&field=left:double(0,0)&field=top:double(0,0)&field=right:double(0,0)&field=bottom:double(0,0)&field=row_index:long(0,0)&field=col_index:long(0,0)&uid={b9ce6ca6-180e-4a3c-a6ad-ac32b9f91f01}" }, "geometry": { "type": "Point", "coordinates": [ 102.409263286440535, -4.048473584957317 ] } },
{ "type": "Feature", "properties": { "id": 2517, "left": 11400135.478269707, "top": -451045.33083616628, "right": 11400140.478269707, "bottom": -451040.33083616628, "row_index": 36, "col_index": 31, "jenis": "durian", "layer": "Clipped", "path": "Point?crs=EPSG:3857&field=id:long(0,0)&field=left:double(0,0)&field=top:double(0,0)&field=right:double(0,0)&field=bottom:double(0,0)&field=row_index:long(0,0)&field=col_index:long(0,0)&uid={b9ce6ca6-180e-4a3c-a6ad-ac32b9f91f01}" }, "geometry": { "type": "Point", "coordinates": [ 102.409263286440535, -4.048518388640972 ] } },
{ "type": "Feature", "properties": { "id": 2518, "left": 11400135.478269707, "top": -451050.33083616628, "right": 11400140.478269707, "bottom": -451045.33083616628, "row_index": 37, "col_index": 31, "jenis": "durian", "layer": "Clipped", "path": "Point?crs=EPSG:3857&field=id:long(0,0)&field=left:double(0,0)&field=top:double(0,0)&field=right:double(0,0)&field=bottom:double(0,0)&field=row_index:long(0,0)&field=col_index:long(0,0)&uid={b9ce6ca6-180e-4a3c-a6ad-ac32b9f91f01}" }, "geometry": { "type": "Point", "coordinates": [ 102.409263286440535, -4.048563192322147 ] } },
{ "type": "Feature", "properties": { "id": 2519, "left": 11400135.478269707, "top": -451055.33083616628, "right": 11400140.478269707, "bottom": -451050.33083616628, "row_index": 38, "col_index": 31, "jenis": "durian", "layer": "Clipped", "path": "Point?crs=EPSG:3857&field=id:long(0,0)&field=left:double(0,0)&field=top:double(0,0)&field=right:double(0,0)&field=bottom:double(0,0)&field=row_index:long(0,0)&field=col_index:long(0,0)&uid={b9ce6ca6-180e-4a3c-a6ad-ac32b9f91f01}" }, "geometry": { "type": "Point", "coordinates": [ 102.409263286440535, -4.048607996000844 ] } },
{ "type": "Feature", "properties": { "id": 2520, "left": 11400135.478269707, "top": -451060.33083616628, "right": 11400140.478269707, "bottom": -451055.33083616628, "row_index": 39, "col_index": 31, "jenis": "durian", "layer": "Clipped", "path": "Point?crs=EPSG:3857&field=id:long(0,0)&field=left:double(0,0)&field=top:double(0,0)&field=right:double(0,0)&field=bottom:double(0,0)&field=row_index:long(0,0)&field=col_index:long(0,0)&uid={b9ce6ca6-180e-4a3c-a6ad-ac32b9f91f01}" }, "geometry": { "type": "Point", "coordinates": [ 102.409263286440535, -4.048652799677058 ] } },
{ "type": "Feature", "properties": { "id": 2521, "left": 11400135.478269707, "top": -451065.33083616628, "right": 11400140.478269707, "bottom": -451060.33083616628, "row_index": 40, "col_index": 31, "jenis": "durian", "layer": "Clipped", "path": "Point?crs=EPSG:3857&field=id:long(0,0)&field=left:double(0,0)&field=top:double(0,0)&field=right:double(0,0)&field=bottom:double(0,0)&field=row_index:long(0,0)&field=col_index:long(0,0)&uid={b9ce6ca6-180e-4a3c-a6ad-ac32b9f91f01}" }, "geometry": { "type": "Point", "coordinates": [ 102.409263286440535, -4.048697603350795 ] } },
{ "type": "Feature", "properties": { "id": 2522, "left": 11400135.478269707, "top": -451070.33083616628, "right": 11400140.478269707, "bottom": -451065.33083616628, "row_index": 41, "col_index": 31, "jenis": "durian", "layer": "Clipped", "path": "Point?crs=EPSG:3857&field=id:long(0,0)&field=left:double(0,0)&field=top:double(0,0)&field=right:double(0,0)&field=bottom:double(0,0)&field=row_index:long(0,0)&field=col_index:long(0,0)&uid={b9ce6ca6-180e-4a3c-a6ad-ac32b9f91f01}" }, "geometry": { "type": "Point", "coordinates": [ 102.409263286440535, -4.048742407022051 ] } },
{ "type": "Feature", "properties": { "id": 2523, "left": 11400135.478269707, "top": -451075.33083616628, "right": 11400140.478269707, "bottom": -451070.33083616628, "row_index": 42, "col_index": 31, "jenis": "durian", "layer": "Clipped", "path": "Point?crs=EPSG:3857&field=id:long(0,0)&field=left:double(0,0)&field=top:double(0,0)&field=right:double(0,0)&field=bottom:double(0,0)&field=row_index:long(0,0)&field=col_index:long(0,0)&uid={b9ce6ca6-180e-4a3c-a6ad-ac32b9f91f01}" }, "geometry": { "type": "Point", "coordinates": [ 102.409263286440535, -4.048787210690827 ] } },
{ "type": "Feature", "properties": { "id": 2527, "left": 11400135.478269707, "top": -451095.33083616628, "right": 11400140.478269707, "bottom": -451090.33083616628, "row_index": 46, "col_index": 31, "jenis": "durian", "layer": "Clipped", "path": "Point?crs=EPSG:3857&field=id:long(0,0)&field=left:double(0,0)&field=top:double(0,0)&field=right:double(0,0)&field=bottom:double(0,0)&field=row_index:long(0,0)&field=col_index:long(0,0)&uid={b9ce6ca6-180e-4a3c-a6ad-ac32b9f91f01}" }, "geometry": { "type": "Point", "coordinates": [ 102.409263286440535, -4.048966425341134 ] } },
{ "type": "Feature", "properties": { "id": 2528, "left": 11400135.478269707, "top": -451100.33083616628, "right": 11400140.478269707, "bottom": -451095.33083616628, "row_index": 47, "col_index": 31, "jenis": "durian", "layer": "Clipped", "path": "Point?crs=EPSG:3857&field=id:long(0,0)&field=left:double(0,0)&field=top:double(0,0)&field=right:double(0,0)&field=bottom:double(0,0)&field=row_index:long(0,0)&field=col_index:long(0,0)&uid={b9ce6ca6-180e-4a3c-a6ad-ac32b9f91f01}" }, "geometry": { "type": "Point", "coordinates": [ 102.409263286440535, -4.049011228997511 ] } },
{ "type": "Feature", "properties": { "id": 2590, "left": 11400140.478269707, "top": -451010.33083616628, "right": 11400145.478269707, "bottom": -451005.33083616628, "row_index": 29, "col_index": 32, "jenis": "durian", "layer": "Clipped", "path": "Point?crs=EPSG:3857&field=id:long(0,0)&field=left:double(0,0)&field=top:double(0,0)&field=right:double(0,0)&field=bottom:double(0,0)&field=row_index:long(0,0)&field=col_index:long(0,0)&uid={b9ce6ca6-180e-4a3c-a6ad-ac32b9f91f01}" }, "geometry": { "type": "Point", "coordinates": [ 102.409308202204741, -4.048204762803313 ] } },
{ "type": "Feature", "properties": { "id": 2591, "left": 11400140.478269707, "top": -451015.33083616628, "right": 11400145.478269707, "bottom": -451010.33083616628, "row_index": 30, "col_index": 32, "jenis": "durian", "layer": "Clipped", "path": "Point?crs=EPSG:3857&field=id:long(0,0)&field=left:double(0,0)&field=top:double(0,0)&field=right:double(0,0)&field=bottom:double(0,0)&field=row_index:long(0,0)&field=col_index:long(0,0)&uid={b9ce6ca6-180e-4a3c-a6ad-ac32b9f91f01}" }, "geometry": { "type": "Point", "coordinates": [ 102.409308202204741, -4.048249566501847 ] } },
{ "type": "Feature", "properties": { "id": 2592, "left": 11400140.478269707, "top": -451020.33083616628, "right": 11400145.478269707, "bottom": -451015.33083616628, "row_index": 31, "col_index": 32, "jenis": "durian", "layer": "Clipped", "path": "Point?crs=EPSG:3857&field=id:long(0,0)&field=left:double(0,0)&field=top:double(0,0)&field=right:double(0,0)&field=bottom:double(0,0)&field=row_index:long(0,0)&field=col_index:long(0,0)&uid={b9ce6ca6-180e-4a3c-a6ad-ac32b9f91f01}" }, "geometry": { "type": "Point", "coordinates": [ 102.409308202204741, -4.048294370197899 ] } },
{ "type": "Feature", "properties": { "id": 2593, "left": 11400140.478269707, "top": -451025.33083616628, "right": 11400145.478269707, "bottom": -451020.33083616628, "row_index": 32, "col_index": 32, "jenis": "durian", "layer": "Clipped", "path": "Point?crs=EPSG:3857&field=id:long(0,0)&field=left:double(0,0)&field=top:double(0,0)&field=right:double(0,0)&field=bottom:double(0,0)&field=row_index:long(0,0)&field=col_index:long(0,0)&uid={b9ce6ca6-180e-4a3c-a6ad-ac32b9f91f01}" }, "geometry": { "type": "Point", "coordinates": [ 102.409308202204741, -4.048339173891473 ] } },
{ "type": "Feature", "properties": { "id": 2594, "left": 11400140.478269707, "top": -451030.33083616628, "right": 11400145.478269707, "bottom": -451025.33083616628, "row_index": 33, "col_index": 32, "jenis": "durian", "layer": "Clipped", "path": "Point?crs=EPSG:3857&field=id:long(0,0)&field=left:double(0,0)&field=top:double(0,0)&field=right:double(0,0)&field=bottom:double(0,0)&field=row_index:long(0,0)&field=col_index:long(0,0)&uid={b9ce6ca6-180e-4a3c-a6ad-ac32b9f91f01}" }, "geometry": { "type": "Point", "coordinates": [ 102.409308202204741, -4.048383977582567 ] } },
{ "type": "Feature", "properties": { "id": 2595, "left": 11400140.478269707, "top": -451035.33083616628, "right": 11400145.478269707, "bottom": -451030.33083616628, "row_index": 34, "col_index": 32, "jenis": "durian", "layer": "Clipped", "path": "Point?crs=EPSG:3857&field=id:long(0,0)&field=left:double(0,0)&field=top:double(0,0)&field=right:double(0,0)&field=bottom:double(0,0)&field=row_index:long(0,0)&field=col_index:long(0,0)&uid={b9ce6ca6-180e-4a3c-a6ad-ac32b9f91f01}" }, "geometry": { "type": "Point", "coordinates": [ 102.409308202204741, -4.048428781271182 ] } },
{ "type": "Feature", "properties": { "id": 2596, "left": 11400140.478269707, "top": -451040.33083616628, "right": 11400145.478269707, "bottom": -451035.33083616628, "row_index": 35, "col_index": 32, "jenis": "durian", "layer": "Clipped", "path": "Point?crs=EPSG:3857&field=id:long(0,0)&field=left:double(0,0)&field=top:double(0,0)&field=right:double(0,0)&field=bottom:double(0,0)&field=row_index:long(0,0)&field=col_index:long(0,0)&uid={b9ce6ca6-180e-4a3c-a6ad-ac32b9f91f01}" }, "geometry": { "type": "Point", "coordinates": [ 102.409308202204741, -4.048473584957317 ] } },
{ "type": "Feature", "properties": { "id": 2597, "left": 11400140.478269707, "top": -451045.33083616628, "right": 11400145.478269707, "bottom": -451040.33083616628, "row_index": 36, "col_index": 32, "jenis": "durian", "layer": "Clipped", "path": "Point?crs=EPSG:3857&field=id:long(0,0)&field=left:double(0,0)&field=top:double(0,0)&field=right:double(0,0)&field=bottom:double(0,0)&field=row_index:long(0,0)&field=col_index:long(0,0)&uid={b9ce6ca6-180e-4a3c-a6ad-ac32b9f91f01}" }, "geometry": { "type": "Point", "coordinates": [ 102.409308202204741, -4.048518388640972 ] } },
{ "type": "Feature", "properties": { "id": 2598, "left": 11400140.478269707, "top": -451050.33083616628, "right": 11400145.478269707, "bottom": -451045.33083616628, "row_index": 37, "col_index": 32, "jenis": "durian", "layer": "Clipped", "path": "Point?crs=EPSG:3857&field=id:long(0,0)&field=left:double(0,0)&field=top:double(0,0)&field=right:double(0,0)&field=bottom:double(0,0)&field=row_index:long(0,0)&field=col_index:long(0,0)&uid={b9ce6ca6-180e-4a3c-a6ad-ac32b9f91f01}" }, "geometry": { "type": "Point", "coordinates": [ 102.409308202204741, -4.048563192322147 ] } },
{ "type": "Feature", "properties": { "id": 2599, "left": 11400140.478269707, "top": -451055.33083616628, "right": 11400145.478269707, "bottom": -451050.33083616628, "row_index": 38, "col_index": 32, "jenis": "durian", "layer": "Clipped", "path": "Point?crs=EPSG:3857&field=id:long(0,0)&field=left:double(0,0)&field=top:double(0,0)&field=right:double(0,0)&field=bottom:double(0,0)&field=row_index:long(0,0)&field=col_index:long(0,0)&uid={b9ce6ca6-180e-4a3c-a6ad-ac32b9f91f01}" }, "geometry": { "type": "Point", "coordinates": [ 102.409308202204741, -4.048607996000844 ] } },
{ "type": "Feature", "properties": { "id": 2600, "left": 11400140.478269707, "top": -451060.33083616628, "right": 11400145.478269707, "bottom": -451055.33083616628, "row_index": 39, "col_index": 32, "jenis": "durian", "layer": "Clipped", "path": "Point?crs=EPSG:3857&field=id:long(0,0)&field=left:double(0,0)&field=top:double(0,0)&field=right:double(0,0)&field=bottom:double(0,0)&field=row_index:long(0,0)&field=col_index:long(0,0)&uid={b9ce6ca6-180e-4a3c-a6ad-ac32b9f91f01}" }, "geometry": { "type": "Point", "coordinates": [ 102.409308202204741, -4.048652799677058 ] } },
{ "type": "Feature", "properties": { "id": 2601, "left": 11400140.478269707, "top": -451065.33083616628, "right": 11400145.478269707, "bottom": -451060.33083616628, "row_index": 40, "col_index": 32, "jenis": "durian", "layer": "Clipped", "path": "Point?crs=EPSG:3857&field=id:long(0,0)&field=left:double(0,0)&field=top:double(0,0)&field=right:double(0,0)&field=bottom:double(0,0)&field=row_index:long(0,0)&field=col_index:long(0,0)&uid={b9ce6ca6-180e-4a3c-a6ad-ac32b9f91f01}" }, "geometry": { "type": "Point", "coordinates": [ 102.409308202204741, -4.048697603350795 ] } },
{ "type": "Feature", "properties": { "id": 2602, "left": 11400140.478269707, "top": -451070.33083616628, "right": 11400145.478269707, "bottom": -451065.33083616628, "row_index": 41, "col_index": 32, "jenis": "durian", "layer": "Clipped", "path": "Point?crs=EPSG:3857&field=id:long(0,0)&field=left:double(0,0)&field=top:double(0,0)&field=right:double(0,0)&field=bottom:double(0,0)&field=row_index:long(0,0)&field=col_index:long(0,0)&uid={b9ce6ca6-180e-4a3c-a6ad-ac32b9f91f01}" }, "geometry": { "type": "Point", "coordinates": [ 102.409308202204741, -4.048742407022051 ] } },
{ "type": "Feature", "properties": { "id": 2603, "left": 11400140.478269707, "top": -451075.33083616628, "right": 11400145.478269707, "bottom": -451070.33083616628, "row_index": 42, "col_index": 32, "jenis": "durian", "layer": "Clipped", "path": "Point?crs=EPSG:3857&field=id:long(0,0)&field=left:double(0,0)&field=top:double(0,0)&field=right:double(0,0)&field=bottom:double(0,0)&field=row_index:long(0,0)&field=col_index:long(0,0)&uid={b9ce6ca6-180e-4a3c-a6ad-ac32b9f91f01}" }, "geometry": { "type": "Point", "coordinates": [ 102.409308202204741, -4.048787210690827 ] } },
{ "type": "Feature", "properties": { "id": 2604, "left": 11400140.478269707, "top": -451080.33083616628, "right": 11400145.478269707, "bottom": -451075.33083616628, "row_index": 43, "col_index": 32, "jenis": "durian", "layer": "Clipped", "path": "Point?crs=EPSG:3857&field=id:long(0,0)&field=left:double(0,0)&field=top:double(0,0)&field=right:double(0,0)&field=bottom:double(0,0)&field=row_index:long(0,0)&field=col_index:long(0,0)&uid={b9ce6ca6-180e-4a3c-a6ad-ac32b9f91f01}" }, "geometry": { "type": "Point", "coordinates": [ 102.409308202204741, -4.048832014357124 ] } },
{ "type": "Feature", "properties": { "id": 2605, "left": 11400140.478269707, "top": -451085.33083616628, "right": 11400145.478269707, "bottom": -451080.33083616628, "row_index": 44, "col_index": 32, "jenis": "durian", "layer": "Clipped", "path": "Point?crs=EPSG:3857&field=id:long(0,0)&field=left:double(0,0)&field=top:double(0,0)&field=right:double(0,0)&field=bottom:double(0,0)&field=row_index:long(0,0)&field=col_index:long(0,0)&uid={b9ce6ca6-180e-4a3c-a6ad-ac32b9f91f01}" }, "geometry": { "type": "Point", "coordinates": [ 102.409308202204741, -4.048876818020941 ] } },
{ "type": "Feature", "properties": { "id": 2606, "left": 11400140.478269707, "top": -451090.33083616628, "right": 11400145.478269707, "bottom": -451085.33083616628, "row_index": 45, "col_index": 32, "jenis": "durian", "layer": "Clipped", "path": "Point?crs=EPSG:3857&field=id:long(0,0)&field=left:double(0,0)&field=top:double(0,0)&field=right:double(0,0)&field=bottom:double(0,0)&field=row_index:long(0,0)&field=col_index:long(0,0)&uid={b9ce6ca6-180e-4a3c-a6ad-ac32b9f91f01}" }, "geometry": { "type": "Point", "coordinates": [ 102.409308202204741, -4.048921621682278 ] } },
{ "type": "Feature", "properties": { "id": 2607, "left": 11400140.478269707, "top": -451095.33083616628, "right": 11400145.478269707, "bottom": -451090.33083616628, "row_index": 46, "col_index": 32, "jenis": "durian", "layer": "Clipped", "path": "Point?crs=EPSG:3857&field=id:long(0,0)&field=left:double(0,0)&field=top:double(0,0)&field=right:double(0,0)&field=bottom:double(0,0)&field=row_index:long(0,0)&field=col_index:long(0,0)&uid={b9ce6ca6-180e-4a3c-a6ad-ac32b9f91f01}" }, "geometry": { "type": "Point", "coordinates": [ 102.409308202204741, -4.048966425341134 ] } },
{ "type": "Feature", "properties": { "id": 2608, "left": 11400140.478269707, "top": -451100.33083616628, "right": 11400145.478269707, "bottom": -451095.33083616628, "row_index": 47, "col_index": 32, "jenis": "durian", "layer": "Clipped", "path": "Point?crs=EPSG:3857&field=id:long(0,0)&field=left:double(0,0)&field=top:double(0,0)&field=right:double(0,0)&field=bottom:double(0,0)&field=row_index:long(0,0)&field=col_index:long(0,0)&uid={b9ce6ca6-180e-4a3c-a6ad-ac32b9f91f01}" }, "geometry": { "type": "Point", "coordinates": [ 102.409308202204741, -4.049011228997511 ] } },
{ "type": "Feature", "properties": { "id": 2609, "left": 11400140.478269707, "top": -451105.33083616628, "right": 11400145.478269707, "bottom": -451100.33083616628, "row_index": 48, "col_index": 32, "jenis": "durian", "layer": "Clipped", "path": "Point?crs=EPSG:3857&field=id:long(0,0)&field=left:double(0,0)&field=top:double(0,0)&field=right:double(0,0)&field=bottom:double(0,0)&field=row_index:long(0,0)&field=col_index:long(0,0)&uid={b9ce6ca6-180e-4a3c-a6ad-ac32b9f91f01}" }, "geometry": { "type": "Point", "coordinates": [ 102.409308202204741, -4.049056032651407 ] } },
{ "type": "Feature", "properties": { "id": 2659, "left": 11400145.478269707, "top": -450955.33083616628, "right": 11400150.478269707, "bottom": -450950.33083616628, "row_index": 18, "col_index": 33, "jenis": "durian", "layer": "Clipped", "path": "Point?crs=EPSG:3857&field=id:long(0,0)&field=left:double(0,0)&field=top:double(0,0)&field=right:double(0,0)&field=bottom:double(0,0)&field=row_index:long(0,0)&field=col_index:long(0,0)&uid={b9ce6ca6-180e-4a3c-a6ad-ac32b9f91f01}" }, "geometry": { "type": "Point", "coordinates": [ 102.409353117968948, -4.04771192195581 ] } },
{ "type": "Feature", "properties": { "id": 2660, "left": 11400145.478269707, "top": -450960.33083616628, "right": 11400150.478269707, "bottom": -450955.33083616628, "row_index": 19, "col_index": 33, "jenis": "durian", "layer": "Clipped", "path": "Point?crs=EPSG:3857&field=id:long(0,0)&field=left:double(0,0)&field=top:double(0,0)&field=right:double(0,0)&field=bottom:double(0,0)&field=row_index:long(0,0)&field=col_index:long(0,0)&uid={b9ce6ca6-180e-4a3c-a6ad-ac32b9f91f01}" }, "geometry": { "type": "Point", "coordinates": [ 102.409353117968948, -4.047756725681617 ] } },
{ "type": "Feature", "properties": { "id": 2661, "left": 11400145.478269707, "top": -450965.33083616628, "right": 11400150.478269707, "bottom": -450960.33083616628, "row_index": 20, "col_index": 33, "jenis": "durian", "layer": "Clipped", "path": "Point?crs=EPSG:3857&field=id:long(0,0)&field=left:double(0,0)&field=top:double(0,0)&field=right:double(0,0)&field=bottom:double(0,0)&field=row_index:long(0,0)&field=col_index:long(0,0)&uid={b9ce6ca6-180e-4a3c-a6ad-ac32b9f91f01}" }, "geometry": { "type": "Point", "coordinates": [ 102.409353117968948, -4.047801529404944 ] } },
{ "type": "Feature", "properties": { "id": 2662, "left": 11400145.478269707, "top": -450970.33083616628, "right": 11400150.478269707, "bottom": -450965.33083616628, "row_index": 21, "col_index": 33, "jenis": "durian", "layer": "Clipped", "path": "Point?crs=EPSG:3857&field=id:long(0,0)&field=left:double(0,0)&field=top:double(0,0)&field=right:double(0,0)&field=bottom:double(0,0)&field=row_index:long(0,0)&field=col_index:long(0,0)&uid={b9ce6ca6-180e-4a3c-a6ad-ac32b9f91f01}" }, "geometry": { "type": "Point", "coordinates": [ 102.409353117968948, -4.047846333125791 ] } },
{ "type": "Feature", "properties": { "id": 2663, "left": 11400145.478269707, "top": -450975.33083616628, "right": 11400150.478269707, "bottom": -450970.33083616628, "row_index": 22, "col_index": 33, "jenis": "durian", "layer": "Clipped", "path": "Point?crs=EPSG:3857&field=id:long(0,0)&field=left:double(0,0)&field=top:double(0,0)&field=right:double(0,0)&field=bottom:double(0,0)&field=row_index:long(0,0)&field=col_index:long(0,0)&uid={b9ce6ca6-180e-4a3c-a6ad-ac32b9f91f01}" }, "geometry": { "type": "Point", "coordinates": [ 102.409353117968948, -4.047891136844158 ] } },
{ "type": "Feature", "properties": { "id": 2664, "left": 11400145.478269707, "top": -450980.33083616628, "right": 11400150.478269707, "bottom": -450975.33083616628, "row_index": 23, "col_index": 33, "jenis": "durian", "layer": "Clipped", "path": "Point?crs=EPSG:3857&field=id:long(0,0)&field=left:double(0,0)&field=top:double(0,0)&field=right:double(0,0)&field=bottom:double(0,0)&field=row_index:long(0,0)&field=col_index:long(0,0)&uid={b9ce6ca6-180e-4a3c-a6ad-ac32b9f91f01}" }, "geometry": { "type": "Point", "coordinates": [ 102.409353117968948, -4.047935940560048 ] } },
{ "type": "Feature", "properties": { "id": 2665, "left": 11400145.478269707, "top": -450985.33083616628, "right": 11400150.478269707, "bottom": -450980.33083616628, "row_index": 24, "col_index": 33, "jenis": "durian", "layer": "Clipped", "path": "Point?crs=EPSG:3857&field=id:long(0,0)&field=left:double(0,0)&field=top:double(0,0)&field=right:double(0,0)&field=bottom:double(0,0)&field=row_index:long(0,0)&field=col_index:long(0,0)&uid={b9ce6ca6-180e-4a3c-a6ad-ac32b9f91f01}" }, "geometry": { "type": "Point", "coordinates": [ 102.409353117968948, -4.047980744273457 ] } },
{ "type": "Feature", "properties": { "id": 2666, "left": 11400145.478269707, "top": -450990.33083616628, "right": 11400150.478269707, "bottom": -450985.33083616628, "row_index": 25, "col_index": 33, "jenis": "durian", "layer": "Clipped", "path": "Point?crs=EPSG:3857&field=id:long(0,0)&field=left:double(0,0)&field=top:double(0,0)&field=right:double(0,0)&field=bottom:double(0,0)&field=row_index:long(0,0)&field=col_index:long(0,0)&uid={b9ce6ca6-180e-4a3c-a6ad-ac32b9f91f01}" }, "geometry": { "type": "Point", "coordinates": [ 102.409353117968948, -4.048025547984388 ] } },
{ "type": "Feature", "properties": { "id": 2667, "left": 11400145.478269707, "top": -450995.33083616628, "right": 11400150.478269707, "bottom": -450990.33083616628, "row_index": 26, "col_index": 33, "jenis": "durian", "layer": "Clipped", "path": "Point?crs=EPSG:3857&field=id:long(0,0)&field=left:double(0,0)&field=top:double(0,0)&field=right:double(0,0)&field=bottom:double(0,0)&field=row_index:long(0,0)&field=col_index:long(0,0)&uid={b9ce6ca6-180e-4a3c-a6ad-ac32b9f91f01}" }, "geometry": { "type": "Point", "coordinates": [ 102.409353117968948, -4.048070351692839 ] } },
{ "type": "Feature", "properties": { "id": 2668, "left": 11400145.478269707, "top": -451000.33083616628, "right": 11400150.478269707, "bottom": -450995.33083616628, "row_index": 27, "col_index": 33, "jenis": "durian", "layer": "Clipped", "path": "Point?crs=EPSG:3857&field=id:long(0,0)&field=left:double(0,0)&field=top:double(0,0)&field=right:double(0,0)&field=bottom:double(0,0)&field=row_index:long(0,0)&field=col_index:long(0,0)&uid={b9ce6ca6-180e-4a3c-a6ad-ac32b9f91f01}" }, "geometry": { "type": "Point", "coordinates": [ 102.409353117968948, -4.04811515539881 ] } },
{ "type": "Feature", "properties": { "id": 2669, "left": 11400145.478269707, "top": -451005.33083616628, "right": 11400150.478269707, "bottom": -451000.33083616628, "row_index": 28, "col_index": 33, "jenis": "durian", "layer": "Clipped", "path": "Point?crs=EPSG:3857&field=id:long(0,0)&field=left:double(0,0)&field=top:double(0,0)&field=right:double(0,0)&field=bottom:double(0,0)&field=row_index:long(0,0)&field=col_index:long(0,0)&uid={b9ce6ca6-180e-4a3c-a6ad-ac32b9f91f01}" }, "geometry": { "type": "Point", "coordinates": [ 102.409353117968948, -4.048159959102302 ] } },
{ "type": "Feature", "properties": { "id": 2670, "left": 11400145.478269707, "top": -451010.33083616628, "right": 11400150.478269707, "bottom": -451005.33083616628, "row_index": 29, "col_index": 33, "jenis": "durian", "layer": "Clipped", "path": "Point?crs=EPSG:3857&field=id:long(0,0)&field=left:double(0,0)&field=top:double(0,0)&field=right:double(0,0)&field=bottom:double(0,0)&field=row_index:long(0,0)&field=col_index:long(0,0)&uid={b9ce6ca6-180e-4a3c-a6ad-ac32b9f91f01}" }, "geometry": { "type": "Point", "coordinates": [ 102.409353117968948, -4.048204762803313 ] } },
{ "type": "Feature", "properties": { "id": 2671, "left": 11400145.478269707, "top": -451015.33083616628, "right": 11400150.478269707, "bottom": -451010.33083616628, "row_index": 30, "col_index": 33, "jenis": "durian", "layer": "Clipped", "path": "Point?crs=EPSG:3857&field=id:long(0,0)&field=left:double(0,0)&field=top:double(0,0)&field=right:double(0,0)&field=bottom:double(0,0)&field=row_index:long(0,0)&field=col_index:long(0,0)&uid={b9ce6ca6-180e-4a3c-a6ad-ac32b9f91f01}" }, "geometry": { "type": "Point", "coordinates": [ 102.409353117968948, -4.048249566501847 ] } },
{ "type": "Feature", "properties": { "id": 2672, "left": 11400145.478269707, "top": -451020.33083616628, "right": 11400150.478269707, "bottom": -451015.33083616628, "row_index": 31, "col_index": 33, "jenis": "durian", "layer": "Clipped", "path": "Point?crs=EPSG:3857&field=id:long(0,0)&field=left:double(0,0)&field=top:double(0,0)&field=right:double(0,0)&field=bottom:double(0,0)&field=row_index:long(0,0)&field=col_index:long(0,0)&uid={b9ce6ca6-180e-4a3c-a6ad-ac32b9f91f01}" }, "geometry": { "type": "Point", "coordinates": [ 102.409353117968948, -4.048294370197899 ] } },
{ "type": "Feature", "properties": { "id": 2673, "left": 11400145.478269707, "top": -451025.33083616628, "right": 11400150.478269707, "bottom": -451020.33083616628, "row_index": 32, "col_index": 33, "jenis": "durian", "layer": "Clipped", "path": "Point?crs=EPSG:3857&field=id:long(0,0)&field=left:double(0,0)&field=top:double(0,0)&field=right:double(0,0)&field=bottom:double(0,0)&field=row_index:long(0,0)&field=col_index:long(0,0)&uid={b9ce6ca6-180e-4a3c-a6ad-ac32b9f91f01}" }, "geometry": { "type": "Point", "coordinates": [ 102.409353117968948, -4.048339173891473 ] } },
{ "type": "Feature", "properties": { "id": 2674, "left": 11400145.478269707, "top": -451030.33083616628, "right": 11400150.478269707, "bottom": -451025.33083616628, "row_index": 33, "col_index": 33, "jenis": "durian", "layer": "Clipped", "path": "Point?crs=EPSG:3857&field=id:long(0,0)&field=left:double(0,0)&field=top:double(0,0)&field=right:double(0,0)&field=bottom:double(0,0)&field=row_index:long(0,0)&field=col_index:long(0,0)&uid={b9ce6ca6-180e-4a3c-a6ad-ac32b9f91f01}" }, "geometry": { "type": "Point", "coordinates": [ 102.409353117968948, -4.048383977582567 ] } },
{ "type": "Feature", "properties": { "id": 2675, "left": 11400145.478269707, "top": -451035.33083616628, "right": 11400150.478269707, "bottom": -451030.33083616628, "row_index": 34, "col_index": 33, "jenis": "durian", "layer": "Clipped", "path": "Point?crs=EPSG:3857&field=id:long(0,0)&field=left:double(0,0)&field=top:double(0,0)&field=right:double(0,0)&field=bottom:double(0,0)&field=row_index:long(0,0)&field=col_index:long(0,0)&uid={b9ce6ca6-180e-4a3c-a6ad-ac32b9f91f01}" }, "geometry": { "type": "Point", "coordinates": [ 102.409353117968948, -4.048428781271182 ] } },
{ "type": "Feature", "properties": { "id": 2676, "left": 11400145.478269707, "top": -451040.33083616628, "right": 11400150.478269707, "bottom": -451035.33083616628, "row_index": 35, "col_index": 33, "jenis": "durian", "layer": "Clipped", "path": "Point?crs=EPSG:3857&field=id:long(0,0)&field=left:double(0,0)&field=top:double(0,0)&field=right:double(0,0)&field=bottom:double(0,0)&field=row_index:long(0,0)&field=col_index:long(0,0)&uid={b9ce6ca6-180e-4a3c-a6ad-ac32b9f91f01}" }, "geometry": { "type": "Point", "coordinates": [ 102.409353117968948, -4.048473584957317 ] } },
{ "type": "Feature", "properties": { "id": 2677, "left": 11400145.478269707, "top": -451045.33083616628, "right": 11400150.478269707, "bottom": -451040.33083616628, "row_index": 36, "col_index": 33, "jenis": "durian", "layer": "Clipped", "path": "Point?crs=EPSG:3857&field=id:long(0,0)&field=left:double(0,0)&field=top:double(0,0)&field=right:double(0,0)&field=bottom:double(0,0)&field=row_index:long(0,0)&field=col_index:long(0,0)&uid={b9ce6ca6-180e-4a3c-a6ad-ac32b9f91f01}" }, "geometry": { "type": "Point", "coordinates": [ 102.409353117968948, -4.048518388640972 ] } },
{ "type": "Feature", "properties": { "id": 2678, "left": 11400145.478269707, "top": -451050.33083616628, "right": 11400150.478269707, "bottom": -451045.33083616628, "row_index": 37, "col_index": 33, "jenis": "durian", "layer": "Clipped", "path": "Point?crs=EPSG:3857&field=id:long(0,0)&field=left:double(0,0)&field=top:double(0,0)&field=right:double(0,0)&field=bottom:double(0,0)&field=row_index:long(0,0)&field=col_index:long(0,0)&uid={b9ce6ca6-180e-4a3c-a6ad-ac32b9f91f01}" }, "geometry": { "type": "Point", "coordinates": [ 102.409353117968948, -4.048563192322147 ] } },
{ "type": "Feature", "properties": { "id": 2679, "left": 11400145.478269707, "top": -451055.33083616628, "right": 11400150.478269707, "bottom": -451050.33083616628, "row_index": 38, "col_index": 33, "jenis": "durian", "layer": "Clipped", "path": "Point?crs=EPSG:3857&field=id:long(0,0)&field=left:double(0,0)&field=top:double(0,0)&field=right:double(0,0)&field=bottom:double(0,0)&field=row_index:long(0,0)&field=col_index:long(0,0)&uid={b9ce6ca6-180e-4a3c-a6ad-ac32b9f91f01}" }, "geometry": { "type": "Point", "coordinates": [ 102.409353117968948, -4.048607996000844 ] } },
{ "type": "Feature", "properties": { "id": 2680, "left": 11400145.478269707, "top": -451060.33083616628, "right": 11400150.478269707, "bottom": -451055.33083616628, "row_index": 39, "col_index": 33, "jenis": "durian", "layer": "Clipped", "path": "Point?crs=EPSG:3857&field=id:long(0,0)&field=left:double(0,0)&field=top:double(0,0)&field=right:double(0,0)&field=bottom:double(0,0)&field=row_index:long(0,0)&field=col_index:long(0,0)&uid={b9ce6ca6-180e-4a3c-a6ad-ac32b9f91f01}" }, "geometry": { "type": "Point", "coordinates": [ 102.409353117968948, -4.048652799677058 ] } },
{ "type": "Feature", "properties": { "id": 2681, "left": 11400145.478269707, "top": -451065.33083616628, "right": 11400150.478269707, "bottom": -451060.33083616628, "row_index": 40, "col_index": 33, "jenis": "durian", "layer": "Clipped", "path": "Point?crs=EPSG:3857&field=id:long(0,0)&field=left:double(0,0)&field=top:double(0,0)&field=right:double(0,0)&field=bottom:double(0,0)&field=row_index:long(0,0)&field=col_index:long(0,0)&uid={b9ce6ca6-180e-4a3c-a6ad-ac32b9f91f01}" }, "geometry": { "type": "Point", "coordinates": [ 102.409353117968948, -4.048697603350795 ] } },
{ "type": "Feature", "properties": { "id": 2682, "left": 11400145.478269707, "top": -451070.33083616628, "right": 11400150.478269707, "bottom": -451065.33083616628, "row_index": 41, "col_index": 33, "jenis": "durian", "layer": "Clipped", "path": "Point?crs=EPSG:3857&field=id:long(0,0)&field=left:double(0,0)&field=top:double(0,0)&field=right:double(0,0)&field=bottom:double(0,0)&field=row_index:long(0,0)&field=col_index:long(0,0)&uid={b9ce6ca6-180e-4a3c-a6ad-ac32b9f91f01}" }, "geometry": { "type": "Point", "coordinates": [ 102.409353117968948, -4.048742407022051 ] } },
{ "type": "Feature", "properties": { "id": 2683, "left": 11400145.478269707, "top": -451075.33083616628, "right": 11400150.478269707, "bottom": -451070.33083616628, "row_index": 42, "col_index": 33, "jenis": "durian", "layer": "Clipped", "path": "Point?crs=EPSG:3857&field=id:long(0,0)&field=left:double(0,0)&field=top:double(0,0)&field=right:double(0,0)&field=bottom:double(0,0)&field=row_index:long(0,0)&field=col_index:long(0,0)&uid={b9ce6ca6-180e-4a3c-a6ad-ac32b9f91f01}" }, "geometry": { "type": "Point", "coordinates": [ 102.409353117968948, -4.048787210690827 ] } },
{ "type": "Feature", "properties": { "id": 2684, "left": 11400145.478269707, "top": -451080.33083616628, "right": 11400150.478269707, "bottom": -451075.33083616628, "row_index": 43, "col_index": 33, "jenis": "durian", "layer": "Clipped", "path": "Point?crs=EPSG:3857&field=id:long(0,0)&field=left:double(0,0)&field=top:double(0,0)&field=right:double(0,0)&field=bottom:double(0,0)&field=row_index:long(0,0)&field=col_index:long(0,0)&uid={b9ce6ca6-180e-4a3c-a6ad-ac32b9f91f01}" }, "geometry": { "type": "Point", "coordinates": [ 102.409353117968948, -4.048832014357124 ] } },
{ "type": "Feature", "properties": { "id": 2685, "left": 11400145.478269707, "top": -451085.33083616628, "right": 11400150.478269707, "bottom": -451080.33083616628, "row_index": 44, "col_index": 33, "jenis": "durian", "layer": "Clipped", "path": "Point?crs=EPSG:3857&field=id:long(0,0)&field=left:double(0,0)&field=top:double(0,0)&field=right:double(0,0)&field=bottom:double(0,0)&field=row_index:long(0,0)&field=col_index:long(0,0)&uid={b9ce6ca6-180e-4a3c-a6ad-ac32b9f91f01}" }, "geometry": { "type": "Point", "coordinates": [ 102.409353117968948, -4.048876818020941 ] } },
{ "type": "Feature", "properties": { "id": 2686, "left": 11400145.478269707, "top": -451090.33083616628, "right": 11400150.478269707, "bottom": -451085.33083616628, "row_index": 45, "col_index": 33, "jenis": "durian", "layer": "Clipped", "path": "Point?crs=EPSG:3857&field=id:long(0,0)&field=left:double(0,0)&field=top:double(0,0)&field=right:double(0,0)&field=bottom:double(0,0)&field=row_index:long(0,0)&field=col_index:long(0,0)&uid={b9ce6ca6-180e-4a3c-a6ad-ac32b9f91f01}" }, "geometry": { "type": "Point", "coordinates": [ 102.409353117968948, -4.048921621682278 ] } },
{ "type": "Feature", "properties": { "id": 2687, "left": 11400145.478269707, "top": -451095.33083616628, "right": 11400150.478269707, "bottom": -451090.33083616628, "row_index": 46, "col_index": 33, "jenis": "durian", "layer": "Clipped", "path": "Point?crs=EPSG:3857&field=id:long(0,0)&field=left:double(0,0)&field=top:double(0,0)&field=right:double(0,0)&field=bottom:double(0,0)&field=row_index:long(0,0)&field=col_index:long(0,0)&uid={b9ce6ca6-180e-4a3c-a6ad-ac32b9f91f01}" }, "geometry": { "type": "Point", "coordinates": [ 102.409353117968948, -4.048966425341134 ] } },
{ "type": "Feature", "properties": { "id": 2688, "left": 11400145.478269707, "top": -451100.33083616628, "right": 11400150.478269707, "bottom": -451095.33083616628, "row_index": 47, "col_index": 33, "jenis": "durian", "layer": "Clipped", "path": "Point?crs=EPSG:3857&field=id:long(0,0)&field=left:double(0,0)&field=top:double(0,0)&field=right:double(0,0)&field=bottom:double(0,0)&field=row_index:long(0,0)&field=col_index:long(0,0)&uid={b9ce6ca6-180e-4a3c-a6ad-ac32b9f91f01}" }, "geometry": { "type": "Point", "coordinates": [ 102.409353117968948, -4.049011228997511 ] } },
{ "type": "Feature", "properties": { "id": 2689, "left": 11400145.478269707, "top": -451105.33083616628, "right": 11400150.478269707, "bottom": -451100.33083616628, "row_index": 48, "col_index": 33, "jenis": "durian", "layer": "Clipped", "path": "Point?crs=EPSG:3857&field=id:long(0,0)&field=left:double(0,0)&field=top:double(0,0)&field=right:double(0,0)&field=bottom:double(0,0)&field=row_index:long(0,0)&field=col_index:long(0,0)&uid={b9ce6ca6-180e-4a3c-a6ad-ac32b9f91f01}" }, "geometry": { "type": "Point", "coordinates": [ 102.409353117968948, -4.049056032651407 ] } },
{ "type": "Feature", "properties": { "id": 2690, "left": 11400145.478269707, "top": -451110.33083616628, "right": 11400150.478269707, "bottom": -451105.33083616628, "row_index": 49, "col_index": 33, "jenis": "durian", "layer": "Clipped", "path": "Point?crs=EPSG:3857&field=id:long(0,0)&field=left:double(0,0)&field=top:double(0,0)&field=right:double(0,0)&field=bottom:double(0,0)&field=row_index:long(0,0)&field=col_index:long(0,0)&uid={b9ce6ca6-180e-4a3c-a6ad-ac32b9f91f01}" }, "geometry": { "type": "Point", "coordinates": [ 102.409353117968948, -4.049100836302825 ] } },
{ "type": "Feature", "properties": { "id": 2739, "left": 11400150.478269707, "top": -450955.33083616628, "right": 11400155.478269707, "bottom": -450950.33083616628, "row_index": 18, "col_index": 34, "jenis": "durian", "layer": "Clipped", "path": "Point?crs=EPSG:3857&field=id:long(0,0)&field=left:double(0,0)&field=top:double(0,0)&field=right:double(0,0)&field=bottom:double(0,0)&field=row_index:long(0,0)&field=col_index:long(0,0)&uid={b9ce6ca6-180e-4a3c-a6ad-ac32b9f91f01}" }, "geometry": { "type": "Point", "coordinates": [ 102.409398033733154, -4.04771192195581 ] } },
{ "type": "Feature", "properties": { "id": 2740, "left": 11400150.478269707, "top": -450960.33083616628, "right": 11400155.478269707, "bottom": -450955.33083616628, "row_index": 19, "col_index": 34, "jenis": "durian", "layer": "Clipped", "path": "Point?crs=EPSG:3857&field=id:long(0,0)&field=left:double(0,0)&field=top:double(0,0)&field=right:double(0,0)&field=bottom:double(0,0)&field=row_index:long(0,0)&field=col_index:long(0,0)&uid={b9ce6ca6-180e-4a3c-a6ad-ac32b9f91f01}" }, "geometry": { "type": "Point", "coordinates": [ 102.409398033733154, -4.047756725681617 ] } },
{ "type": "Feature", "properties": { "id": 2741, "left": 11400150.478269707, "top": -450965.33083616628, "right": 11400155.478269707, "bottom": -450960.33083616628, "row_index": 20, "col_index": 34, "jenis": "durian", "layer": "Clipped", "path": "Point?crs=EPSG:3857&field=id:long(0,0)&field=left:double(0,0)&field=top:double(0,0)&field=right:double(0,0)&field=bottom:double(0,0)&field=row_index:long(0,0)&field=col_index:long(0,0)&uid={b9ce6ca6-180e-4a3c-a6ad-ac32b9f91f01}" }, "geometry": { "type": "Point", "coordinates": [ 102.409398033733154, -4.047801529404944 ] } },
{ "type": "Feature", "properties": { "id": 2742, "left": 11400150.478269707, "top": -450970.33083616628, "right": 11400155.478269707, "bottom": -450965.33083616628, "row_index": 21, "col_index": 34, "jenis": "durian", "layer": "Clipped", "path": "Point?crs=EPSG:3857&field=id:long(0,0)&field=left:double(0,0)&field=top:double(0,0)&field=right:double(0,0)&field=bottom:double(0,0)&field=row_index:long(0,0)&field=col_index:long(0,0)&uid={b9ce6ca6-180e-4a3c-a6ad-ac32b9f91f01}" }, "geometry": { "type": "Point", "coordinates": [ 102.409398033733154, -4.047846333125791 ] } },
{ "type": "Feature", "properties": { "id": 2743, "left": 11400150.478269707, "top": -450975.33083616628, "right": 11400155.478269707, "bottom": -450970.33083616628, "row_index": 22, "col_index": 34, "jenis": "durian", "layer": "Clipped", "path": "Point?crs=EPSG:3857&field=id:long(0,0)&field=left:double(0,0)&field=top:double(0,0)&field=right:double(0,0)&field=bottom:double(0,0)&field=row_index:long(0,0)&field=col_index:long(0,0)&uid={b9ce6ca6-180e-4a3c-a6ad-ac32b9f91f01}" }, "geometry": { "type": "Point", "coordinates": [ 102.409398033733154, -4.047891136844158 ] } },
{ "type": "Feature", "properties": { "id": 2744, "left": 11400150.478269707, "top": -450980.33083616628, "right": 11400155.478269707, "bottom": -450975.33083616628, "row_index": 23, "col_index": 34, "jenis": "durian", "layer": "Clipped", "path": "Point?crs=EPSG:3857&field=id:long(0,0)&field=left:double(0,0)&field=top:double(0,0)&field=right:double(0,0)&field=bottom:double(0,0)&field=row_index:long(0,0)&field=col_index:long(0,0)&uid={b9ce6ca6-180e-4a3c-a6ad-ac32b9f91f01}" }, "geometry": { "type": "Point", "coordinates": [ 102.409398033733154, -4.047935940560048 ] } },
{ "type": "Feature", "properties": { "id": 2745, "left": 11400150.478269707, "top": -450985.33083616628, "right": 11400155.478269707, "bottom": -450980.33083616628, "row_index": 24, "col_index": 34, "jenis": "durian", "layer": "Clipped", "path": "Point?crs=EPSG:3857&field=id:long(0,0)&field=left:double(0,0)&field=top:double(0,0)&field=right:double(0,0)&field=bottom:double(0,0)&field=row_index:long(0,0)&field=col_index:long(0,0)&uid={b9ce6ca6-180e-4a3c-a6ad-ac32b9f91f01}" }, "geometry": { "type": "Point", "coordinates": [ 102.409398033733154, -4.047980744273457 ] } },
{ "type": "Feature", "properties": { "id": 2746, "left": 11400150.478269707, "top": -450990.33083616628, "right": 11400155.478269707, "bottom": -450985.33083616628, "row_index": 25, "col_index": 34, "jenis": "durian", "layer": "Clipped", "path": "Point?crs=EPSG:3857&field=id:long(0,0)&field=left:double(0,0)&field=top:double(0,0)&field=right:double(0,0)&field=bottom:double(0,0)&field=row_index:long(0,0)&field=col_index:long(0,0)&uid={b9ce6ca6-180e-4a3c-a6ad-ac32b9f91f01}" }, "geometry": { "type": "Point", "coordinates": [ 102.409398033733154, -4.048025547984388 ] } },
{ "type": "Feature", "properties": { "id": 2747, "left": 11400150.478269707, "top": -450995.33083616628, "right": 11400155.478269707, "bottom": -450990.33083616628, "row_index": 26, "col_index": 34, "jenis": "durian", "layer": "Clipped", "path": "Point?crs=EPSG:3857&field=id:long(0,0)&field=left:double(0,0)&field=top:double(0,0)&field=right:double(0,0)&field=bottom:double(0,0)&field=row_index:long(0,0)&field=col_index:long(0,0)&uid={b9ce6ca6-180e-4a3c-a6ad-ac32b9f91f01}" }, "geometry": { "type": "Point", "coordinates": [ 102.409398033733154, -4.048070351692839 ] } },
{ "type": "Feature", "properties": { "id": 2748, "left": 11400150.478269707, "top": -451000.33083616628, "right": 11400155.478269707, "bottom": -450995.33083616628, "row_index": 27, "col_index": 34, "jenis": "durian", "layer": "Clipped", "path": "Point?crs=EPSG:3857&field=id:long(0,0)&field=left:double(0,0)&field=top:double(0,0)&field=right:double(0,0)&field=bottom:double(0,0)&field=row_index:long(0,0)&field=col_index:long(0,0)&uid={b9ce6ca6-180e-4a3c-a6ad-ac32b9f91f01}" }, "geometry": { "type": "Point", "coordinates": [ 102.409398033733154, -4.04811515539881 ] } },
{ "type": "Feature", "properties": { "id": 2749, "left": 11400150.478269707, "top": -451005.33083616628, "right": 11400155.478269707, "bottom": -451000.33083616628, "row_index": 28, "col_index": 34, "jenis": "durian", "layer": "Clipped", "path": "Point?crs=EPSG:3857&field=id:long(0,0)&field=left:double(0,0)&field=top:double(0,0)&field=right:double(0,0)&field=bottom:double(0,0)&field=row_index:long(0,0)&field=col_index:long(0,0)&uid={b9ce6ca6-180e-4a3c-a6ad-ac32b9f91f01}" }, "geometry": { "type": "Point", "coordinates": [ 102.409398033733154, -4.048159959102302 ] } },
{ "type": "Feature", "properties": { "id": 2750, "left": 11400150.478269707, "top": -451010.33083616628, "right": 11400155.478269707, "bottom": -451005.33083616628, "row_index": 29, "col_index": 34, "jenis": "durian", "layer": "Clipped", "path": "Point?crs=EPSG:3857&field=id:long(0,0)&field=left:double(0,0)&field=top:double(0,0)&field=right:double(0,0)&field=bottom:double(0,0)&field=row_index:long(0,0)&field=col_index:long(0,0)&uid={b9ce6ca6-180e-4a3c-a6ad-ac32b9f91f01}" }, "geometry": { "type": "Point", "coordinates": [ 102.409398033733154, -4.048204762803313 ] } },
{ "type": "Feature", "properties": { "id": 2751, "left": 11400150.478269707, "top": -451015.33083616628, "right": 11400155.478269707, "bottom": -451010.33083616628, "row_index": 30, "col_index": 34, "jenis": "durian", "layer": "Clipped", "path": "Point?crs=EPSG:3857&field=id:long(0,0)&field=left:double(0,0)&field=top:double(0,0)&field=right:double(0,0)&field=bottom:double(0,0)&field=row_index:long(0,0)&field=col_index:long(0,0)&uid={b9ce6ca6-180e-4a3c-a6ad-ac32b9f91f01}" }, "geometry": { "type": "Point", "coordinates": [ 102.409398033733154, -4.048249566501847 ] } },
{ "type": "Feature", "properties": { "id": 2752, "left": 11400150.478269707, "top": -451020.33083616628, "right": 11400155.478269707, "bottom": -451015.33083616628, "row_index": 31, "col_index": 34, "jenis": "durian", "layer": "Clipped", "path": "Point?crs=EPSG:3857&field=id:long(0,0)&field=left:double(0,0)&field=top:double(0,0)&field=right:double(0,0)&field=bottom:double(0,0)&field=row_index:long(0,0)&field=col_index:long(0,0)&uid={b9ce6ca6-180e-4a3c-a6ad-ac32b9f91f01}" }, "geometry": { "type": "Point", "coordinates": [ 102.409398033733154, -4.048294370197899 ] } },
{ "type": "Feature", "properties": { "id": 2753, "left": 11400150.478269707, "top": -451025.33083616628, "right": 11400155.478269707, "bottom": -451020.33083616628, "row_index": 32, "col_index": 34, "jenis": "durian", "layer": "Clipped", "path": "Point?crs=EPSG:3857&field=id:long(0,0)&field=left:double(0,0)&field=top:double(0,0)&field=right:double(0,0)&field=bottom:double(0,0)&field=row_index:long(0,0)&field=col_index:long(0,0)&uid={b9ce6ca6-180e-4a3c-a6ad-ac32b9f91f01}" }, "geometry": { "type": "Point", "coordinates": [ 102.409398033733154, -4.048339173891473 ] } },
{ "type": "Feature", "properties": { "id": 2754, "left": 11400150.478269707, "top": -451030.33083616628, "right": 11400155.478269707, "bottom": -451025.33083616628, "row_index": 33, "col_index": 34, "jenis": "durian", "layer": "Clipped", "path": "Point?crs=EPSG:3857&field=id:long(0,0)&field=left:double(0,0)&field=top:double(0,0)&field=right:double(0,0)&field=bottom:double(0,0)&field=row_index:long(0,0)&field=col_index:long(0,0)&uid={b9ce6ca6-180e-4a3c-a6ad-ac32b9f91f01}" }, "geometry": { "type": "Point", "coordinates": [ 102.409398033733154, -4.048383977582567 ] } },
{ "type": "Feature", "properties": { "id": 2755, "left": 11400150.478269707, "top": -451035.33083616628, "right": 11400155.478269707, "bottom": -451030.33083616628, "row_index": 34, "col_index": 34, "jenis": "durian", "layer": "Clipped", "path": "Point?crs=EPSG:3857&field=id:long(0,0)&field=left:double(0,0)&field=top:double(0,0)&field=right:double(0,0)&field=bottom:double(0,0)&field=row_index:long(0,0)&field=col_index:long(0,0)&uid={b9ce6ca6-180e-4a3c-a6ad-ac32b9f91f01}" }, "geometry": { "type": "Point", "coordinates": [ 102.409398033733154, -4.048428781271182 ] } },
{ "type": "Feature", "properties": { "id": 2756, "left": 11400150.478269707, "top": -451040.33083616628, "right": 11400155.478269707, "bottom": -451035.33083616628, "row_index": 35, "col_index": 34, "jenis": "durian", "layer": "Clipped", "path": "Point?crs=EPSG:3857&field=id:long(0,0)&field=left:double(0,0)&field=top:double(0,0)&field=right:double(0,0)&field=bottom:double(0,0)&field=row_index:long(0,0)&field=col_index:long(0,0)&uid={b9ce6ca6-180e-4a3c-a6ad-ac32b9f91f01}" }, "geometry": { "type": "Point", "coordinates": [ 102.409398033733154, -4.048473584957317 ] } },
{ "type": "Feature", "properties": { "id": 2757, "left": 11400150.478269707, "top": -451045.33083616628, "right": 11400155.478269707, "bottom": -451040.33083616628, "row_index": 36, "col_index": 34, "jenis": "durian", "layer": "Clipped", "path": "Point?crs=EPSG:3857&field=id:long(0,0)&field=left:double(0,0)&field=top:double(0,0)&field=right:double(0,0)&field=bottom:double(0,0)&field=row_index:long(0,0)&field=col_index:long(0,0)&uid={b9ce6ca6-180e-4a3c-a6ad-ac32b9f91f01}" }, "geometry": { "type": "Point", "coordinates": [ 102.409398033733154, -4.048518388640972 ] } },
{ "type": "Feature", "properties": { "id": 2758, "left": 11400150.478269707, "top": -451050.33083616628, "right": 11400155.478269707, "bottom": -451045.33083616628, "row_index": 37, "col_index": 34, "jenis": "durian", "layer": "Clipped", "path": "Point?crs=EPSG:3857&field=id:long(0,0)&field=left:double(0,0)&field=top:double(0,0)&field=right:double(0,0)&field=bottom:double(0,0)&field=row_index:long(0,0)&field=col_index:long(0,0)&uid={b9ce6ca6-180e-4a3c-a6ad-ac32b9f91f01}" }, "geometry": { "type": "Point", "coordinates": [ 102.409398033733154, -4.048563192322147 ] } },
{ "type": "Feature", "properties": { "id": 2759, "left": 11400150.478269707, "top": -451055.33083616628, "right": 11400155.478269707, "bottom": -451050.33083616628, "row_index": 38, "col_index": 34, "jenis": "durian", "layer": "Clipped", "path": "Point?crs=EPSG:3857&field=id:long(0,0)&field=left:double(0,0)&field=top:double(0,0)&field=right:double(0,0)&field=bottom:double(0,0)&field=row_index:long(0,0)&field=col_index:long(0,0)&uid={b9ce6ca6-180e-4a3c-a6ad-ac32b9f91f01}" }, "geometry": { "type": "Point", "coordinates": [ 102.409398033733154, -4.048607996000844 ] } },
{ "type": "Feature", "properties": { "id": 2760, "left": 11400150.478269707, "top": -451060.33083616628, "right": 11400155.478269707, "bottom": -451055.33083616628, "row_index": 39, "col_index": 34, "jenis": "durian", "layer": "Clipped", "path": "Point?crs=EPSG:3857&field=id:long(0,0)&field=left:double(0,0)&field=top:double(0,0)&field=right:double(0,0)&field=bottom:double(0,0)&field=row_index:long(0,0)&field=col_index:long(0,0)&uid={b9ce6ca6-180e-4a3c-a6ad-ac32b9f91f01}" }, "geometry": { "type": "Point", "coordinates": [ 102.409398033733154, -4.048652799677058 ] } },
{ "type": "Feature", "properties": { "id": 2761, "left": 11400150.478269707, "top": -451065.33083616628, "right": 11400155.478269707, "bottom": -451060.33083616628, "row_index": 40, "col_index": 34, "jenis": "durian", "layer": "Clipped", "path": "Point?crs=EPSG:3857&field=id:long(0,0)&field=left:double(0,0)&field=top:double(0,0)&field=right:double(0,0)&field=bottom:double(0,0)&field=row_index:long(0,0)&field=col_index:long(0,0)&uid={b9ce6ca6-180e-4a3c-a6ad-ac32b9f91f01}" }, "geometry": { "type": "Point", "coordinates": [ 102.409398033733154, -4.048697603350795 ] } },
{ "type": "Feature", "properties": { "id": 2762, "left": 11400150.478269707, "top": -451070.33083616628, "right": 11400155.478269707, "bottom": -451065.33083616628, "row_index": 41, "col_index": 34, "jenis": "durian", "layer": "Clipped", "path": "Point?crs=EPSG:3857&field=id:long(0,0)&field=left:double(0,0)&field=top:double(0,0)&field=right:double(0,0)&field=bottom:double(0,0)&field=row_index:long(0,0)&field=col_index:long(0,0)&uid={b9ce6ca6-180e-4a3c-a6ad-ac32b9f91f01}" }, "geometry": { "type": "Point", "coordinates": [ 102.409398033733154, -4.048742407022051 ] } },
{ "type": "Feature", "properties": { "id": 2763, "left": 11400150.478269707, "top": -451075.33083616628, "right": 11400155.478269707, "bottom": -451070.33083616628, "row_index": 42, "col_index": 34, "jenis": "durian", "layer": "Clipped", "path": "Point?crs=EPSG:3857&field=id:long(0,0)&field=left:double(0,0)&field=top:double(0,0)&field=right:double(0,0)&field=bottom:double(0,0)&field=row_index:long(0,0)&field=col_index:long(0,0)&uid={b9ce6ca6-180e-4a3c-a6ad-ac32b9f91f01}" }, "geometry": { "type": "Point", "coordinates": [ 102.409398033733154, -4.048787210690827 ] } },
{ "type": "Feature", "properties": { "id": 2764, "left": 11400150.478269707, "top": -451080.33083616628, "right": 11400155.478269707, "bottom": -451075.33083616628, "row_index": 43, "col_index": 34, "jenis": "durian", "layer": "Clipped", "path": "Point?crs=EPSG:3857&field=id:long(0,0)&field=left:double(0,0)&field=top:double(0,0)&field=right:double(0,0)&field=bottom:double(0,0)&field=row_index:long(0,0)&field=col_index:long(0,0)&uid={b9ce6ca6-180e-4a3c-a6ad-ac32b9f91f01}" }, "geometry": { "type": "Point", "coordinates": [ 102.409398033733154, -4.048832014357124 ] } },
{ "type": "Feature", "properties": { "id": 2765, "left": 11400150.478269707, "top": -451085.33083616628, "right": 11400155.478269707, "bottom": -451080.33083616628, "row_index": 44, "col_index": 34, "jenis": "durian", "layer": "Clipped", "path": "Point?crs=EPSG:3857&field=id:long(0,0)&field=left:double(0,0)&field=top:double(0,0)&field=right:double(0,0)&field=bottom:double(0,0)&field=row_index:long(0,0)&field=col_index:long(0,0)&uid={b9ce6ca6-180e-4a3c-a6ad-ac32b9f91f01}" }, "geometry": { "type": "Point", "coordinates": [ 102.409398033733154, -4.048876818020941 ] } },
{ "type": "Feature", "properties": { "id": 2766, "left": 11400150.478269707, "top": -451090.33083616628, "right": 11400155.478269707, "bottom": -451085.33083616628, "row_index": 45, "col_index": 34, "jenis": "durian", "layer": "Clipped", "path": "Point?crs=EPSG:3857&field=id:long(0,0)&field=left:double(0,0)&field=top:double(0,0)&field=right:double(0,0)&field=bottom:double(0,0)&field=row_index:long(0,0)&field=col_index:long(0,0)&uid={b9ce6ca6-180e-4a3c-a6ad-ac32b9f91f01}" }, "geometry": { "type": "Point", "coordinates": [ 102.409398033733154, -4.048921621682278 ] } },
{ "type": "Feature", "properties": { "id": 2767, "left": 11400150.478269707, "top": -451095.33083616628, "right": 11400155.478269707, "bottom": -451090.33083616628, "row_index": 46, "col_index": 34, "jenis": "durian", "layer": "Clipped", "path": "Point?crs=EPSG:3857&field=id:long(0,0)&field=left:double(0,0)&field=top:double(0,0)&field=right:double(0,0)&field=bottom:double(0,0)&field=row_index:long(0,0)&field=col_index:long(0,0)&uid={b9ce6ca6-180e-4a3c-a6ad-ac32b9f91f01}" }, "geometry": { "type": "Point", "coordinates": [ 102.409398033733154, -4.048966425341134 ] } },
{ "type": "Feature", "properties": { "id": 2768, "left": 11400150.478269707, "top": -451100.33083616628, "right": 11400155.478269707, "bottom": -451095.33083616628, "row_index": 47, "col_index": 34, "jenis": "durian", "layer": "Clipped", "path": "Point?crs=EPSG:3857&field=id:long(0,0)&field=left:double(0,0)&field=top:double(0,0)&field=right:double(0,0)&field=bottom:double(0,0)&field=row_index:long(0,0)&field=col_index:long(0,0)&uid={b9ce6ca6-180e-4a3c-a6ad-ac32b9f91f01}" }, "geometry": { "type": "Point", "coordinates": [ 102.409398033733154, -4.049011228997511 ] } },
{ "type": "Feature", "properties": { "id": 2769, "left": 11400150.478269707, "top": -451105.33083616628, "right": 11400155.478269707, "bottom": -451100.33083616628, "row_index": 48, "col_index": 34, "jenis": "durian", "layer": "Clipped", "path": "Point?crs=EPSG:3857&field=id:long(0,0)&field=left:double(0,0)&field=top:double(0,0)&field=right:double(0,0)&field=bottom:double(0,0)&field=row_index:long(0,0)&field=col_index:long(0,0)&uid={b9ce6ca6-180e-4a3c-a6ad-ac32b9f91f01}" }, "geometry": { "type": "Point", "coordinates": [ 102.409398033733154, -4.049056032651407 ] } },
{ "type": "Feature", "properties": { "id": 2770, "left": 11400150.478269707, "top": -451110.33083616628, "right": 11400155.478269707, "bottom": -451105.33083616628, "row_index": 49, "col_index": 34, "jenis": "durian", "layer": "Clipped", "path": "Point?crs=EPSG:3857&field=id:long(0,0)&field=left:double(0,0)&field=top:double(0,0)&field=right:double(0,0)&field=bottom:double(0,0)&field=row_index:long(0,0)&field=col_index:long(0,0)&uid={b9ce6ca6-180e-4a3c-a6ad-ac32b9f91f01}" }, "geometry": { "type": "Point", "coordinates": [ 102.409398033733154, -4.049100836302825 ] } },
{ "type": "Feature", "properties": { "id": 2821, "left": 11400155.478269707, "top": -450965.33083616628, "right": 11400160.478269707, "bottom": -450960.33083616628, "row_index": 20, "col_index": 35, "jenis": "durian", "layer": "Clipped", "path": "Point?crs=EPSG:3857&field=id:long(0,0)&field=left:double(0,0)&field=top:double(0,0)&field=right:double(0,0)&field=bottom:double(0,0)&field=row_index:long(0,0)&field=col_index:long(0,0)&uid={b9ce6ca6-180e-4a3c-a6ad-ac32b9f91f01}" }, "geometry": { "type": "Point", "coordinates": [ 102.409442949497361, -4.047801529404944 ] } },
{ "type": "Feature", "properties": { "id": 2822, "left": 11400155.478269707, "top": -450970.33083616628, "right": 11400160.478269707, "bottom": -450965.33083616628, "row_index": 21, "col_index": 35, "jenis": "durian", "layer": "Clipped", "path": "Point?crs=EPSG:3857&field=id:long(0,0)&field=left:double(0,0)&field=top:double(0,0)&field=right:double(0,0)&field=bottom:double(0,0)&field=row_index:long(0,0)&field=col_index:long(0,0)&uid={b9ce6ca6-180e-4a3c-a6ad-ac32b9f91f01}" }, "geometry": { "type": "Point", "coordinates": [ 102.409442949497361, -4.047846333125791 ] } },
{ "type": "Feature", "properties": { "id": 2823, "left": 11400155.478269707, "top": -450975.33083616628, "right": 11400160.478269707, "bottom": -450970.33083616628, "row_index": 22, "col_index": 35, "jenis": "durian", "layer": "Clipped", "path": "Point?crs=EPSG:3857&field=id:long(0,0)&field=left:double(0,0)&field=top:double(0,0)&field=right:double(0,0)&field=bottom:double(0,0)&field=row_index:long(0,0)&field=col_index:long(0,0)&uid={b9ce6ca6-180e-4a3c-a6ad-ac32b9f91f01}" }, "geometry": { "type": "Point", "coordinates": [ 102.409442949497361, -4.047891136844158 ] } },
{ "type": "Feature", "properties": { "id": 2824, "left": 11400155.478269707, "top": -450980.33083616628, "right": 11400160.478269707, "bottom": -450975.33083616628, "row_index": 23, "col_index": 35, "jenis": "durian", "layer": "Clipped", "path": "Point?crs=EPSG:3857&field=id:long(0,0)&field=left:double(0,0)&field=top:double(0,0)&field=right:double(0,0)&field=bottom:double(0,0)&field=row_index:long(0,0)&field=col_index:long(0,0)&uid={b9ce6ca6-180e-4a3c-a6ad-ac32b9f91f01}" }, "geometry": { "type": "Point", "coordinates": [ 102.409442949497361, -4.047935940560048 ] } },
{ "type": "Feature", "properties": { "id": 2825, "left": 11400155.478269707, "top": -450985.33083616628, "right": 11400160.478269707, "bottom": -450980.33083616628, "row_index": 24, "col_index": 35, "jenis": "durian", "layer": "Clipped", "path": "Point?crs=EPSG:3857&field=id:long(0,0)&field=left:double(0,0)&field=top:double(0,0)&field=right:double(0,0)&field=bottom:double(0,0)&field=row_index:long(0,0)&field=col_index:long(0,0)&uid={b9ce6ca6-180e-4a3c-a6ad-ac32b9f91f01}" }, "geometry": { "type": "Point", "coordinates": [ 102.409442949497361, -4.047980744273457 ] } },
{ "type": "Feature", "properties": { "id": 2826, "left": 11400155.478269707, "top": -450990.33083616628, "right": 11400160.478269707, "bottom": -450985.33083616628, "row_index": 25, "col_index": 35, "jenis": "durian", "layer": "Clipped", "path": "Point?crs=EPSG:3857&field=id:long(0,0)&field=left:double(0,0)&field=top:double(0,0)&field=right:double(0,0)&field=bottom:double(0,0)&field=row_index:long(0,0)&field=col_index:long(0,0)&uid={b9ce6ca6-180e-4a3c-a6ad-ac32b9f91f01}" }, "geometry": { "type": "Point", "coordinates": [ 102.409442949497361, -4.048025547984388 ] } },
{ "type": "Feature", "properties": { "id": 2827, "left": 11400155.478269707, "top": -450995.33083616628, "right": 11400160.478269707, "bottom": -450990.33083616628, "row_index": 26, "col_index": 35, "jenis": "durian", "layer": "Clipped", "path": "Point?crs=EPSG:3857&field=id:long(0,0)&field=left:double(0,0)&field=top:double(0,0)&field=right:double(0,0)&field=bottom:double(0,0)&field=row_index:long(0,0)&field=col_index:long(0,0)&uid={b9ce6ca6-180e-4a3c-a6ad-ac32b9f91f01}" }, "geometry": { "type": "Point", "coordinates": [ 102.409442949497361, -4.048070351692839 ] } },
{ "type": "Feature", "properties": { "id": 2828, "left": 11400155.478269707, "top": -451000.33083616628, "right": 11400160.478269707, "bottom": -450995.33083616628, "row_index": 27, "col_index": 35, "jenis": "durian", "layer": "Clipped", "path": "Point?crs=EPSG:3857&field=id:long(0,0)&field=left:double(0,0)&field=top:double(0,0)&field=right:double(0,0)&field=bottom:double(0,0)&field=row_index:long(0,0)&field=col_index:long(0,0)&uid={b9ce6ca6-180e-4a3c-a6ad-ac32b9f91f01}" }, "geometry": { "type": "Point", "coordinates": [ 102.409442949497361, -4.04811515539881 ] } },
{ "type": "Feature", "properties": { "id": 2829, "left": 11400155.478269707, "top": -451005.33083616628, "right": 11400160.478269707, "bottom": -451000.33083616628, "row_index": 28, "col_index": 35, "jenis": "durian", "layer": "Clipped", "path": "Point?crs=EPSG:3857&field=id:long(0,0)&field=left:double(0,0)&field=top:double(0,0)&field=right:double(0,0)&field=bottom:double(0,0)&field=row_index:long(0,0)&field=col_index:long(0,0)&uid={b9ce6ca6-180e-4a3c-a6ad-ac32b9f91f01}" }, "geometry": { "type": "Point", "coordinates": [ 102.409442949497361, -4.048159959102302 ] } },
{ "type": "Feature", "properties": { "id": 2830, "left": 11400155.478269707, "top": -451010.33083616628, "right": 11400160.478269707, "bottom": -451005.33083616628, "row_index": 29, "col_index": 35, "jenis": "durian", "layer": "Clipped", "path": "Point?crs=EPSG:3857&field=id:long(0,0)&field=left:double(0,0)&field=top:double(0,0)&field=right:double(0,0)&field=bottom:double(0,0)&field=row_index:long(0,0)&field=col_index:long(0,0)&uid={b9ce6ca6-180e-4a3c-a6ad-ac32b9f91f01}" }, "geometry": { "type": "Point", "coordinates": [ 102.409442949497361, -4.048204762803313 ] } },
{ "type": "Feature", "properties": { "id": 2831, "left": 11400155.478269707, "top": -451015.33083616628, "right": 11400160.478269707, "bottom": -451010.33083616628, "row_index": 30, "col_index": 35, "jenis": "durian", "layer": "Clipped", "path": "Point?crs=EPSG:3857&field=id:long(0,0)&field=left:double(0,0)&field=top:double(0,0)&field=right:double(0,0)&field=bottom:double(0,0)&field=row_index:long(0,0)&field=col_index:long(0,0)&uid={b9ce6ca6-180e-4a3c-a6ad-ac32b9f91f01}" }, "geometry": { "type": "Point", "coordinates": [ 102.409442949497361, -4.048249566501847 ] } },
{ "type": "Feature", "properties": { "id": 2832, "left": 11400155.478269707, "top": -451020.33083616628, "right": 11400160.478269707, "bottom": -451015.33083616628, "row_index": 31, "col_index": 35, "jenis": "durian", "layer": "Clipped", "path": "Point?crs=EPSG:3857&field=id:long(0,0)&field=left:double(0,0)&field=top:double(0,0)&field=right:double(0,0)&field=bottom:double(0,0)&field=row_index:long(0,0)&field=col_index:long(0,0)&uid={b9ce6ca6-180e-4a3c-a6ad-ac32b9f91f01}" }, "geometry": { "type": "Point", "coordinates": [ 102.409442949497361, -4.048294370197899 ] } },
{ "type": "Feature", "properties": { "id": 2833, "left": 11400155.478269707, "top": -451025.33083616628, "right": 11400160.478269707, "bottom": -451020.33083616628, "row_index": 32, "col_index": 35, "jenis": "durian", "layer": "Clipped", "path": "Point?crs=EPSG:3857&field=id:long(0,0)&field=left:double(0,0)&field=top:double(0,0)&field=right:double(0,0)&field=bottom:double(0,0)&field=row_index:long(0,0)&field=col_index:long(0,0)&uid={b9ce6ca6-180e-4a3c-a6ad-ac32b9f91f01}" }, "geometry": { "type": "Point", "coordinates": [ 102.409442949497361, -4.048339173891473 ] } },
{ "type": "Feature", "properties": { "id": 2834, "left": 11400155.478269707, "top": -451030.33083616628, "right": 11400160.478269707, "bottom": -451025.33083616628, "row_index": 33, "col_index": 35, "jenis": "durian", "layer": "Clipped", "path": "Point?crs=EPSG:3857&field=id:long(0,0)&field=left:double(0,0)&field=top:double(0,0)&field=right:double(0,0)&field=bottom:double(0,0)&field=row_index:long(0,0)&field=col_index:long(0,0)&uid={b9ce6ca6-180e-4a3c-a6ad-ac32b9f91f01}" }, "geometry": { "type": "Point", "coordinates": [ 102.409442949497361, -4.048383977582567 ] } },
{ "type": "Feature", "properties": { "id": 2835, "left": 11400155.478269707, "top": -451035.33083616628, "right": 11400160.478269707, "bottom": -451030.33083616628, "row_index": 34, "col_index": 35, "jenis": "durian", "layer": "Clipped", "path": "Point?crs=EPSG:3857&field=id:long(0,0)&field=left:double(0,0)&field=top:double(0,0)&field=right:double(0,0)&field=bottom:double(0,0)&field=row_index:long(0,0)&field=col_index:long(0,0)&uid={b9ce6ca6-180e-4a3c-a6ad-ac32b9f91f01}" }, "geometry": { "type": "Point", "coordinates": [ 102.409442949497361, -4.048428781271182 ] } },
{ "type": "Feature", "properties": { "id": 2836, "left": 11400155.478269707, "top": -451040.33083616628, "right": 11400160.478269707, "bottom": -451035.33083616628, "row_index": 35, "col_index": 35, "jenis": "durian", "layer": "Clipped", "path": "Point?crs=EPSG:3857&field=id:long(0,0)&field=left:double(0,0)&field=top:double(0,0)&field=right:double(0,0)&field=bottom:double(0,0)&field=row_index:long(0,0)&field=col_index:long(0,0)&uid={b9ce6ca6-180e-4a3c-a6ad-ac32b9f91f01}" }, "geometry": { "type": "Point", "coordinates": [ 102.409442949497361, -4.048473584957317 ] } },
{ "type": "Feature", "properties": { "id": 2837, "left": 11400155.478269707, "top": -451045.33083616628, "right": 11400160.478269707, "bottom": -451040.33083616628, "row_index": 36, "col_index": 35, "jenis": "durian", "layer": "Clipped", "path": "Point?crs=EPSG:3857&field=id:long(0,0)&field=left:double(0,0)&field=top:double(0,0)&field=right:double(0,0)&field=bottom:double(0,0)&field=row_index:long(0,0)&field=col_index:long(0,0)&uid={b9ce6ca6-180e-4a3c-a6ad-ac32b9f91f01}" }, "geometry": { "type": "Point", "coordinates": [ 102.409442949497361, -4.048518388640972 ] } },
{ "type": "Feature", "properties": { "id": 2838, "left": 11400155.478269707, "top": -451050.33083616628, "right": 11400160.478269707, "bottom": -451045.33083616628, "row_index": 37, "col_index": 35, "jenis": "durian", "layer": "Clipped", "path": "Point?crs=EPSG:3857&field=id:long(0,0)&field=left:double(0,0)&field=top:double(0,0)&field=right:double(0,0)&field=bottom:double(0,0)&field=row_index:long(0,0)&field=col_index:long(0,0)&uid={b9ce6ca6-180e-4a3c-a6ad-ac32b9f91f01}" }, "geometry": { "type": "Point", "coordinates": [ 102.409442949497361, -4.048563192322147 ] } },
{ "type": "Feature", "properties": { "id": 2839, "left": 11400155.478269707, "top": -451055.33083616628, "right": 11400160.478269707, "bottom": -451050.33083616628, "row_index": 38, "col_index": 35, "jenis": "durian", "layer": "Clipped", "path": "Point?crs=EPSG:3857&field=id:long(0,0)&field=left:double(0,0)&field=top:double(0,0)&field=right:double(0,0)&field=bottom:double(0,0)&field=row_index:long(0,0)&field=col_index:long(0,0)&uid={b9ce6ca6-180e-4a3c-a6ad-ac32b9f91f01}" }, "geometry": { "type": "Point", "coordinates": [ 102.409442949497361, -4.048607996000844 ] } },
{ "type": "Feature", "properties": { "id": 2840, "left": 11400155.478269707, "top": -451060.33083616628, "right": 11400160.478269707, "bottom": -451055.33083616628, "row_index": 39, "col_index": 35, "jenis": "durian", "layer": "Clipped", "path": "Point?crs=EPSG:3857&field=id:long(0,0)&field=left:double(0,0)&field=top:double(0,0)&field=right:double(0,0)&field=bottom:double(0,0)&field=row_index:long(0,0)&field=col_index:long(0,0)&uid={b9ce6ca6-180e-4a3c-a6ad-ac32b9f91f01}" }, "geometry": { "type": "Point", "coordinates": [ 102.409442949497361, -4.048652799677058 ] } },
{ "type": "Feature", "properties": { "id": 2841, "left": 11400155.478269707, "top": -451065.33083616628, "right": 11400160.478269707, "bottom": -451060.33083616628, "row_index": 40, "col_index": 35, "jenis": "durian", "layer": "Clipped", "path": "Point?crs=EPSG:3857&field=id:long(0,0)&field=left:double(0,0)&field=top:double(0,0)&field=right:double(0,0)&field=bottom:double(0,0)&field=row_index:long(0,0)&field=col_index:long(0,0)&uid={b9ce6ca6-180e-4a3c-a6ad-ac32b9f91f01}" }, "geometry": { "type": "Point", "coordinates": [ 102.409442949497361, -4.048697603350795 ] } },
{ "type": "Feature", "properties": { "id": 2842, "left": 11400155.478269707, "top": -451070.33083616628, "right": 11400160.478269707, "bottom": -451065.33083616628, "row_index": 41, "col_index": 35, "jenis": "durian", "layer": "Clipped", "path": "Point?crs=EPSG:3857&field=id:long(0,0)&field=left:double(0,0)&field=top:double(0,0)&field=right:double(0,0)&field=bottom:double(0,0)&field=row_index:long(0,0)&field=col_index:long(0,0)&uid={b9ce6ca6-180e-4a3c-a6ad-ac32b9f91f01}" }, "geometry": { "type": "Point", "coordinates": [ 102.409442949497361, -4.048742407022051 ] } },
{ "type": "Feature", "properties": { "id": 2843, "left": 11400155.478269707, "top": -451075.33083616628, "right": 11400160.478269707, "bottom": -451070.33083616628, "row_index": 42, "col_index": 35, "jenis": "durian", "layer": "Clipped", "path": "Point?crs=EPSG:3857&field=id:long(0,0)&field=left:double(0,0)&field=top:double(0,0)&field=right:double(0,0)&field=bottom:double(0,0)&field=row_index:long(0,0)&field=col_index:long(0,0)&uid={b9ce6ca6-180e-4a3c-a6ad-ac32b9f91f01}" }, "geometry": { "type": "Point", "coordinates": [ 102.409442949497361, -4.048787210690827 ] } },
{ "type": "Feature", "properties": { "id": 2844, "left": 11400155.478269707, "top": -451080.33083616628, "right": 11400160.478269707, "bottom": -451075.33083616628, "row_index": 43, "col_index": 35, "jenis": "durian", "layer": "Clipped", "path": "Point?crs=EPSG:3857&field=id:long(0,0)&field=left:double(0,0)&field=top:double(0,0)&field=right:double(0,0)&field=bottom:double(0,0)&field=row_index:long(0,0)&field=col_index:long(0,0)&uid={b9ce6ca6-180e-4a3c-a6ad-ac32b9f91f01}" }, "geometry": { "type": "Point", "coordinates": [ 102.409442949497361, -4.048832014357124 ] } },
{ "type": "Feature", "properties": { "id": 2845, "left": 11400155.478269707, "top": -451085.33083616628, "right": 11400160.478269707, "bottom": -451080.33083616628, "row_index": 44, "col_index": 35, "jenis": "durian", "layer": "Clipped", "path": "Point?crs=EPSG:3857&field=id:long(0,0)&field=left:double(0,0)&field=top:double(0,0)&field=right:double(0,0)&field=bottom:double(0,0)&field=row_index:long(0,0)&field=col_index:long(0,0)&uid={b9ce6ca6-180e-4a3c-a6ad-ac32b9f91f01}" }, "geometry": { "type": "Point", "coordinates": [ 102.409442949497361, -4.048876818020941 ] } },
{ "type": "Feature", "properties": { "id": 2846, "left": 11400155.478269707, "top": -451090.33083616628, "right": 11400160.478269707, "bottom": -451085.33083616628, "row_index": 45, "col_index": 35, "jenis": "durian", "layer": "Clipped", "path": "Point?crs=EPSG:3857&field=id:long(0,0)&field=left:double(0,0)&field=top:double(0,0)&field=right:double(0,0)&field=bottom:double(0,0)&field=row_index:long(0,0)&field=col_index:long(0,0)&uid={b9ce6ca6-180e-4a3c-a6ad-ac32b9f91f01}" }, "geometry": { "type": "Point", "coordinates": [ 102.409442949497361, -4.048921621682278 ] } },
{ "type": "Feature", "properties": { "id": 2847, "left": 11400155.478269707, "top": -451095.33083616628, "right": 11400160.478269707, "bottom": -451090.33083616628, "row_index": 46, "col_index": 35, "jenis": "durian", "layer": "Clipped", "path": "Point?crs=EPSG:3857&field=id:long(0,0)&field=left:double(0,0)&field=top:double(0,0)&field=right:double(0,0)&field=bottom:double(0,0)&field=row_index:long(0,0)&field=col_index:long(0,0)&uid={b9ce6ca6-180e-4a3c-a6ad-ac32b9f91f01}" }, "geometry": { "type": "Point", "coordinates": [ 102.409442949497361, -4.048966425341134 ] } },
{ "type": "Feature", "properties": { "id": 2848, "left": 11400155.478269707, "top": -451100.33083616628, "right": 11400160.478269707, "bottom": -451095.33083616628, "row_index": 47, "col_index": 35, "jenis": "durian", "layer": "Clipped", "path": "Point?crs=EPSG:3857&field=id:long(0,0)&field=left:double(0,0)&field=top:double(0,0)&field=right:double(0,0)&field=bottom:double(0,0)&field=row_index:long(0,0)&field=col_index:long(0,0)&uid={b9ce6ca6-180e-4a3c-a6ad-ac32b9f91f01}" }, "geometry": { "type": "Point", "coordinates": [ 102.409442949497361, -4.049011228997511 ] } },
{ "type": "Feature", "properties": { "id": 2903, "left": 11400160.478269707, "top": -450975.33083616628, "right": 11400165.478269707, "bottom": -450970.33083616628, "row_index": 22, "col_index": 36, "jenis": "durian", "layer": "Clipped", "path": "Point?crs=EPSG:3857&field=id:long(0,0)&field=left:double(0,0)&field=top:double(0,0)&field=right:double(0,0)&field=bottom:double(0,0)&field=row_index:long(0,0)&field=col_index:long(0,0)&uid={b9ce6ca6-180e-4a3c-a6ad-ac32b9f91f01}" }, "geometry": { "type": "Point", "coordinates": [ 102.409487865261568, -4.047891136844158 ] } },
{ "type": "Feature", "properties": { "id": 2904, "left": 11400160.478269707, "top": -450980.33083616628, "right": 11400165.478269707, "bottom": -450975.33083616628, "row_index": 23, "col_index": 36, "jenis": "durian", "layer": "Clipped", "path": "Point?crs=EPSG:3857&field=id:long(0,0)&field=left:double(0,0)&field=top:double(0,0)&field=right:double(0,0)&field=bottom:double(0,0)&field=row_index:long(0,0)&field=col_index:long(0,0)&uid={b9ce6ca6-180e-4a3c-a6ad-ac32b9f91f01}" }, "geometry": { "type": "Point", "coordinates": [ 102.409487865261568, -4.047935940560048 ] } },
{ "type": "Feature", "properties": { "id": 2905, "left": 11400160.478269707, "top": -450985.33083616628, "right": 11400165.478269707, "bottom": -450980.33083616628, "row_index": 24, "col_index": 36, "jenis": "durian", "layer": "Clipped", "path": "Point?crs=EPSG:3857&field=id:long(0,0)&field=left:double(0,0)&field=top:double(0,0)&field=right:double(0,0)&field=bottom:double(0,0)&field=row_index:long(0,0)&field=col_index:long(0,0)&uid={b9ce6ca6-180e-4a3c-a6ad-ac32b9f91f01}" }, "geometry": { "type": "Point", "coordinates": [ 102.409487865261568, -4.047980744273457 ] } },
{ "type": "Feature", "properties": { "id": 2906, "left": 11400160.478269707, "top": -450990.33083616628, "right": 11400165.478269707, "bottom": -450985.33083616628, "row_index": 25, "col_index": 36, "jenis": "durian", "layer": "Clipped", "path": "Point?crs=EPSG:3857&field=id:long(0,0)&field=left:double(0,0)&field=top:double(0,0)&field=right:double(0,0)&field=bottom:double(0,0)&field=row_index:long(0,0)&field=col_index:long(0,0)&uid={b9ce6ca6-180e-4a3c-a6ad-ac32b9f91f01}" }, "geometry": { "type": "Point", "coordinates": [ 102.409487865261568, -4.048025547984388 ] } },
{ "type": "Feature", "properties": { "id": 2907, "left": 11400160.478269707, "top": -450995.33083616628, "right": 11400165.478269707, "bottom": -450990.33083616628, "row_index": 26, "col_index": 36, "jenis": "durian", "layer": "Clipped", "path": "Point?crs=EPSG:3857&field=id:long(0,0)&field=left:double(0,0)&field=top:double(0,0)&field=right:double(0,0)&field=bottom:double(0,0)&field=row_index:long(0,0)&field=col_index:long(0,0)&uid={b9ce6ca6-180e-4a3c-a6ad-ac32b9f91f01}" }, "geometry": { "type": "Point", "coordinates": [ 102.409487865261568, -4.048070351692839 ] } },
{ "type": "Feature", "properties": { "id": 2908, "left": 11400160.478269707, "top": -451000.33083616628, "right": 11400165.478269707, "bottom": -450995.33083616628, "row_index": 27, "col_index": 36, "jenis": "durian", "layer": "Clipped", "path": "Point?crs=EPSG:3857&field=id:long(0,0)&field=left:double(0,0)&field=top:double(0,0)&field=right:double(0,0)&field=bottom:double(0,0)&field=row_index:long(0,0)&field=col_index:long(0,0)&uid={b9ce6ca6-180e-4a3c-a6ad-ac32b9f91f01}" }, "geometry": { "type": "Point", "coordinates": [ 102.409487865261568, -4.04811515539881 ] } },
{ "type": "Feature", "properties": { "id": 2909, "left": 11400160.478269707, "top": -451005.33083616628, "right": 11400165.478269707, "bottom": -451000.33083616628, "row_index": 28, "col_index": 36, "jenis": "durian", "layer": "Clipped", "path": "Point?crs=EPSG:3857&field=id:long(0,0)&field=left:double(0,0)&field=top:double(0,0)&field=right:double(0,0)&field=bottom:double(0,0)&field=row_index:long(0,0)&field=col_index:long(0,0)&uid={b9ce6ca6-180e-4a3c-a6ad-ac32b9f91f01}" }, "geometry": { "type": "Point", "coordinates": [ 102.409487865261568, -4.048159959102302 ] } },
{ "type": "Feature", "properties": { "id": 2910, "left": 11400160.478269707, "top": -451010.33083616628, "right": 11400165.478269707, "bottom": -451005.33083616628, "row_index": 29, "col_index": 36, "jenis": "durian", "layer": "Clipped", "path": "Point?crs=EPSG:3857&field=id:long(0,0)&field=left:double(0,0)&field=top:double(0,0)&field=right:double(0,0)&field=bottom:double(0,0)&field=row_index:long(0,0)&field=col_index:long(0,0)&uid={b9ce6ca6-180e-4a3c-a6ad-ac32b9f91f01}" }, "geometry": { "type": "Point", "coordinates": [ 102.409487865261568, -4.048204762803313 ] } },
{ "type": "Feature", "properties": { "id": 2911, "left": 11400160.478269707, "top": -451015.33083616628, "right": 11400165.478269707, "bottom": -451010.33083616628, "row_index": 30, "col_index": 36, "jenis": "durian", "layer": "Clipped", "path": "Point?crs=EPSG:3857&field=id:long(0,0)&field=left:double(0,0)&field=top:double(0,0)&field=right:double(0,0)&field=bottom:double(0,0)&field=row_index:long(0,0)&field=col_index:long(0,0)&uid={b9ce6ca6-180e-4a3c-a6ad-ac32b9f91f01}" }, "geometry": { "type": "Point", "coordinates": [ 102.409487865261568, -4.048249566501847 ] } },
{ "type": "Feature", "properties": { "id": 2912, "left": 11400160.478269707, "top": -451020.33083616628, "right": 11400165.478269707, "bottom": -451015.33083616628, "row_index": 31, "col_index": 36, "jenis": "durian", "layer": "Clipped", "path": "Point?crs=EPSG:3857&field=id:long(0,0)&field=left:double(0,0)&field=top:double(0,0)&field=right:double(0,0)&field=bottom:double(0,0)&field=row_index:long(0,0)&field=col_index:long(0,0)&uid={b9ce6ca6-180e-4a3c-a6ad-ac32b9f91f01}" }, "geometry": { "type": "Point", "coordinates": [ 102.409487865261568, -4.048294370197899 ] } },
{ "type": "Feature", "properties": { "id": 2913, "left": 11400160.478269707, "top": -451025.33083616628, "right": 11400165.478269707, "bottom": -451020.33083616628, "row_index": 32, "col_index": 36, "jenis": "durian", "layer": "Clipped", "path": "Point?crs=EPSG:3857&field=id:long(0,0)&field=left:double(0,0)&field=top:double(0,0)&field=right:double(0,0)&field=bottom:double(0,0)&field=row_index:long(0,0)&field=col_index:long(0,0)&uid={b9ce6ca6-180e-4a3c-a6ad-ac32b9f91f01}" }, "geometry": { "type": "Point", "coordinates": [ 102.409487865261568, -4.048339173891473 ] } },
{ "type": "Feature", "properties": { "id": 2914, "left": 11400160.478269707, "top": -451030.33083616628, "right": 11400165.478269707, "bottom": -451025.33083616628, "row_index": 33, "col_index": 36, "jenis": "durian", "layer": "Clipped", "path": "Point?crs=EPSG:3857&field=id:long(0,0)&field=left:double(0,0)&field=top:double(0,0)&field=right:double(0,0)&field=bottom:double(0,0)&field=row_index:long(0,0)&field=col_index:long(0,0)&uid={b9ce6ca6-180e-4a3c-a6ad-ac32b9f91f01}" }, "geometry": { "type": "Point", "coordinates": [ 102.409487865261568, -4.048383977582567 ] } },
{ "type": "Feature", "properties": { "id": 2915, "left": 11400160.478269707, "top": -451035.33083616628, "right": 11400165.478269707, "bottom": -451030.33083616628, "row_index": 34, "col_index": 36, "jenis": "durian", "layer": "Clipped", "path": "Point?crs=EPSG:3857&field=id:long(0,0)&field=left:double(0,0)&field=top:double(0,0)&field=right:double(0,0)&field=bottom:double(0,0)&field=row_index:long(0,0)&field=col_index:long(0,0)&uid={b9ce6ca6-180e-4a3c-a6ad-ac32b9f91f01}" }, "geometry": { "type": "Point", "coordinates": [ 102.409487865261568, -4.048428781271182 ] } },
{ "type": "Feature", "properties": { "id": 2916, "left": 11400160.478269707, "top": -451040.33083616628, "right": 11400165.478269707, "bottom": -451035.33083616628, "row_index": 35, "col_index": 36, "jenis": "durian", "layer": "Clipped", "path": "Point?crs=EPSG:3857&field=id:long(0,0)&field=left:double(0,0)&field=top:double(0,0)&field=right:double(0,0)&field=bottom:double(0,0)&field=row_index:long(0,0)&field=col_index:long(0,0)&uid={b9ce6ca6-180e-4a3c-a6ad-ac32b9f91f01}" }, "geometry": { "type": "Point", "coordinates": [ 102.409487865261568, -4.048473584957317 ] } },
{ "type": "Feature", "properties": { "id": 2917, "left": 11400160.478269707, "top": -451045.33083616628, "right": 11400165.478269707, "bottom": -451040.33083616628, "row_index": 36, "col_index": 36, "jenis": "durian", "layer": "Clipped", "path": "Point?crs=EPSG:3857&field=id:long(0,0)&field=left:double(0,0)&field=top:double(0,0)&field=right:double(0,0)&field=bottom:double(0,0)&field=row_index:long(0,0)&field=col_index:long(0,0)&uid={b9ce6ca6-180e-4a3c-a6ad-ac32b9f91f01}" }, "geometry": { "type": "Point", "coordinates": [ 102.409487865261568, -4.048518388640972 ] } },
{ "type": "Feature", "properties": { "id": 2918, "left": 11400160.478269707, "top": -451050.33083616628, "right": 11400165.478269707, "bottom": -451045.33083616628, "row_index": 37, "col_index": 36, "jenis": "durian", "layer": "Clipped", "path": "Point?crs=EPSG:3857&field=id:long(0,0)&field=left:double(0,0)&field=top:double(0,0)&field=right:double(0,0)&field=bottom:double(0,0)&field=row_index:long(0,0)&field=col_index:long(0,0)&uid={b9ce6ca6-180e-4a3c-a6ad-ac32b9f91f01}" }, "geometry": { "type": "Point", "coordinates": [ 102.409487865261568, -4.048563192322147 ] } },
{ "type": "Feature", "properties": { "id": 2919, "left": 11400160.478269707, "top": -451055.33083616628, "right": 11400165.478269707, "bottom": -451050.33083616628, "row_index": 38, "col_index": 36, "jenis": "durian", "layer": "Clipped", "path": "Point?crs=EPSG:3857&field=id:long(0,0)&field=left:double(0,0)&field=top:double(0,0)&field=right:double(0,0)&field=bottom:double(0,0)&field=row_index:long(0,0)&field=col_index:long(0,0)&uid={b9ce6ca6-180e-4a3c-a6ad-ac32b9f91f01}" }, "geometry": { "type": "Point", "coordinates": [ 102.409487865261568, -4.048607996000844 ] } },
{ "type": "Feature", "properties": { "id": 2920, "left": 11400160.478269707, "top": -451060.33083616628, "right": 11400165.478269707, "bottom": -451055.33083616628, "row_index": 39, "col_index": 36, "jenis": "durian", "layer": "Clipped", "path": "Point?crs=EPSG:3857&field=id:long(0,0)&field=left:double(0,0)&field=top:double(0,0)&field=right:double(0,0)&field=bottom:double(0,0)&field=row_index:long(0,0)&field=col_index:long(0,0)&uid={b9ce6ca6-180e-4a3c-a6ad-ac32b9f91f01}" }, "geometry": { "type": "Point", "coordinates": [ 102.409487865261568, -4.048652799677058 ] } },
{ "type": "Feature", "properties": { "id": 2921, "left": 11400160.478269707, "top": -451065.33083616628, "right": 11400165.478269707, "bottom": -451060.33083616628, "row_index": 40, "col_index": 36, "jenis": "durian", "layer": "Clipped", "path": "Point?crs=EPSG:3857&field=id:long(0,0)&field=left:double(0,0)&field=top:double(0,0)&field=right:double(0,0)&field=bottom:double(0,0)&field=row_index:long(0,0)&field=col_index:long(0,0)&uid={b9ce6ca6-180e-4a3c-a6ad-ac32b9f91f01}" }, "geometry": { "type": "Point", "coordinates": [ 102.409487865261568, -4.048697603350795 ] } },
{ "type": "Feature", "properties": { "id": 2922, "left": 11400160.478269707, "top": -451070.33083616628, "right": 11400165.478269707, "bottom": -451065.33083616628, "row_index": 41, "col_index": 36, "jenis": "durian", "layer": "Clipped", "path": "Point?crs=EPSG:3857&field=id:long(0,0)&field=left:double(0,0)&field=top:double(0,0)&field=right:double(0,0)&field=bottom:double(0,0)&field=row_index:long(0,0)&field=col_index:long(0,0)&uid={b9ce6ca6-180e-4a3c-a6ad-ac32b9f91f01}" }, "geometry": { "type": "Point", "coordinates": [ 102.409487865261568, -4.048742407022051 ] } },
{ "type": "Feature", "properties": { "id": 2923, "left": 11400160.478269707, "top": -451075.33083616628, "right": 11400165.478269707, "bottom": -451070.33083616628, "row_index": 42, "col_index": 36, "jenis": "durian", "layer": "Clipped", "path": "Point?crs=EPSG:3857&field=id:long(0,0)&field=left:double(0,0)&field=top:double(0,0)&field=right:double(0,0)&field=bottom:double(0,0)&field=row_index:long(0,0)&field=col_index:long(0,0)&uid={b9ce6ca6-180e-4a3c-a6ad-ac32b9f91f01}" }, "geometry": { "type": "Point", "coordinates": [ 102.409487865261568, -4.048787210690827 ] } },
{ "type": "Feature", "properties": { "id": 2924, "left": 11400160.478269707, "top": -451080.33083616628, "right": 11400165.478269707, "bottom": -451075.33083616628, "row_index": 43, "col_index": 36, "jenis": "durian", "layer": "Clipped", "path": "Point?crs=EPSG:3857&field=id:long(0,0)&field=left:double(0,0)&field=top:double(0,0)&field=right:double(0,0)&field=bottom:double(0,0)&field=row_index:long(0,0)&field=col_index:long(0,0)&uid={b9ce6ca6-180e-4a3c-a6ad-ac32b9f91f01}" }, "geometry": { "type": "Point", "coordinates": [ 102.409487865261568, -4.048832014357124 ] } },
{ "type": "Feature", "properties": { "id": 2925, "left": 11400160.478269707, "top": -451085.33083616628, "right": 11400165.478269707, "bottom": -451080.33083616628, "row_index": 44, "col_index": 36, "jenis": "durian", "layer": "Clipped", "path": "Point?crs=EPSG:3857&field=id:long(0,0)&field=left:double(0,0)&field=top:double(0,0)&field=right:double(0,0)&field=bottom:double(0,0)&field=row_index:long(0,0)&field=col_index:long(0,0)&uid={b9ce6ca6-180e-4a3c-a6ad-ac32b9f91f01}" }, "geometry": { "type": "Point", "coordinates": [ 102.409487865261568, -4.048876818020941 ] } },
{ "type": "Feature", "properties": { "id": 2926, "left": 11400160.478269707, "top": -451090.33083616628, "right": 11400165.478269707, "bottom": -451085.33083616628, "row_index": 45, "col_index": 36, "jenis": "durian", "layer": "Clipped", "path": "Point?crs=EPSG:3857&field=id:long(0,0)&field=left:double(0,0)&field=top:double(0,0)&field=right:double(0,0)&field=bottom:double(0,0)&field=row_index:long(0,0)&field=col_index:long(0,0)&uid={b9ce6ca6-180e-4a3c-a6ad-ac32b9f91f01}" }, "geometry": { "type": "Point", "coordinates": [ 102.409487865261568, -4.048921621682278 ] } },
{ "type": "Feature", "properties": { "id": 2927, "left": 11400160.478269707, "top": -451095.33083616628, "right": 11400165.478269707, "bottom": -451090.33083616628, "row_index": 46, "col_index": 36, "jenis": "durian", "layer": "Clipped", "path": "Point?crs=EPSG:3857&field=id:long(0,0)&field=left:double(0,0)&field=top:double(0,0)&field=right:double(0,0)&field=bottom:double(0,0)&field=row_index:long(0,0)&field=col_index:long(0,0)&uid={b9ce6ca6-180e-4a3c-a6ad-ac32b9f91f01}" }, "geometry": { "type": "Point", "coordinates": [ 102.409487865261568, -4.048966425341134 ] } },
{ "type": "Feature", "properties": { "id": 2985, "left": 11400165.478269707, "top": -450985.33083616628, "right": 11400170.478269707, "bottom": -450980.33083616628, "row_index": 24, "col_index": 37, "jenis": "durian", "layer": "Clipped", "path": "Point?crs=EPSG:3857&field=id:long(0,0)&field=left:double(0,0)&field=top:double(0,0)&field=right:double(0,0)&field=bottom:double(0,0)&field=row_index:long(0,0)&field=col_index:long(0,0)&uid={b9ce6ca6-180e-4a3c-a6ad-ac32b9f91f01}" }, "geometry": { "type": "Point", "coordinates": [ 102.409532781025774, -4.047980744273457 ] } },
{ "type": "Feature", "properties": { "id": 2986, "left": 11400165.478269707, "top": -450990.33083616628, "right": 11400170.478269707, "bottom": -450985.33083616628, "row_index": 25, "col_index": 37, "jenis": "durian", "layer": "Clipped", "path": "Point?crs=EPSG:3857&field=id:long(0,0)&field=left:double(0,0)&field=top:double(0,0)&field=right:double(0,0)&field=bottom:double(0,0)&field=row_index:long(0,0)&field=col_index:long(0,0)&uid={b9ce6ca6-180e-4a3c-a6ad-ac32b9f91f01}" }, "geometry": { "type": "Point", "coordinates": [ 102.409532781025774, -4.048025547984388 ] } },
{ "type": "Feature", "properties": { "id": 2987, "left": 11400165.478269707, "top": -450995.33083616628, "right": 11400170.478269707, "bottom": -450990.33083616628, "row_index": 26, "col_index": 37, "jenis": "durian", "layer": "Clipped", "path": "Point?crs=EPSG:3857&field=id:long(0,0)&field=left:double(0,0)&field=top:double(0,0)&field=right:double(0,0)&field=bottom:double(0,0)&field=row_index:long(0,0)&field=col_index:long(0,0)&uid={b9ce6ca6-180e-4a3c-a6ad-ac32b9f91f01}" }, "geometry": { "type": "Point", "coordinates": [ 102.409532781025774, -4.048070351692839 ] } },
{ "type": "Feature", "properties": { "id": 2988, "left": 11400165.478269707, "top": -451000.33083616628, "right": 11400170.478269707, "bottom": -450995.33083616628, "row_index": 27, "col_index": 37, "jenis": "durian", "layer": "Clipped", "path": "Point?crs=EPSG:3857&field=id:long(0,0)&field=left:double(0,0)&field=top:double(0,0)&field=right:double(0,0)&field=bottom:double(0,0)&field=row_index:long(0,0)&field=col_index:long(0,0)&uid={b9ce6ca6-180e-4a3c-a6ad-ac32b9f91f01}" }, "geometry": { "type": "Point", "coordinates": [ 102.409532781025774, -4.04811515539881 ] } },
{ "type": "Feature", "properties": { "id": 2989, "left": 11400165.478269707, "top": -451005.33083616628, "right": 11400170.478269707, "bottom": -451000.33083616628, "row_index": 28, "col_index": 37, "jenis": "durian", "layer": "Clipped", "path": "Point?crs=EPSG:3857&field=id:long(0,0)&field=left:double(0,0)&field=top:double(0,0)&field=right:double(0,0)&field=bottom:double(0,0)&field=row_index:long(0,0)&field=col_index:long(0,0)&uid={b9ce6ca6-180e-4a3c-a6ad-ac32b9f91f01}" }, "geometry": { "type": "Point", "coordinates": [ 102.409532781025774, -4.048159959102302 ] } },
{ "type": "Feature", "properties": { "id": 2990, "left": 11400165.478269707, "top": -451010.33083616628, "right": 11400170.478269707, "bottom": -451005.33083616628, "row_index": 29, "col_index": 37, "jenis": "durian", "layer": "Clipped", "path": "Point?crs=EPSG:3857&field=id:long(0,0)&field=left:double(0,0)&field=top:double(0,0)&field=right:double(0,0)&field=bottom:double(0,0)&field=row_index:long(0,0)&field=col_index:long(0,0)&uid={b9ce6ca6-180e-4a3c-a6ad-ac32b9f91f01}" }, "geometry": { "type": "Point", "coordinates": [ 102.409532781025774, -4.048204762803313 ] } },
{ "type": "Feature", "properties": { "id": 2991, "left": 11400165.478269707, "top": -451015.33083616628, "right": 11400170.478269707, "bottom": -451010.33083616628, "row_index": 30, "col_index": 37, "jenis": "durian", "layer": "Clipped", "path": "Point?crs=EPSG:3857&field=id:long(0,0)&field=left:double(0,0)&field=top:double(0,0)&field=right:double(0,0)&field=bottom:double(0,0)&field=row_index:long(0,0)&field=col_index:long(0,0)&uid={b9ce6ca6-180e-4a3c-a6ad-ac32b9f91f01}" }, "geometry": { "type": "Point", "coordinates": [ 102.409532781025774, -4.048249566501847 ] } },
{ "type": "Feature", "properties": { "id": 2992, "left": 11400165.478269707, "top": -451020.33083616628, "right": 11400170.478269707, "bottom": -451015.33083616628, "row_index": 31, "col_index": 37, "jenis": "durian", "layer": "Clipped", "path": "Point?crs=EPSG:3857&field=id:long(0,0)&field=left:double(0,0)&field=top:double(0,0)&field=right:double(0,0)&field=bottom:double(0,0)&field=row_index:long(0,0)&field=col_index:long(0,0)&uid={b9ce6ca6-180e-4a3c-a6ad-ac32b9f91f01}" }, "geometry": { "type": "Point", "coordinates": [ 102.409532781025774, -4.048294370197899 ] } },
{ "type": "Feature", "properties": { "id": 2993, "left": 11400165.478269707, "top": -451025.33083616628, "right": 11400170.478269707, "bottom": -451020.33083616628, "row_index": 32, "col_index": 37, "jenis": "durian", "layer": "Clipped", "path": "Point?crs=EPSG:3857&field=id:long(0,0)&field=left:double(0,0)&field=top:double(0,0)&field=right:double(0,0)&field=bottom:double(0,0)&field=row_index:long(0,0)&field=col_index:long(0,0)&uid={b9ce6ca6-180e-4a3c-a6ad-ac32b9f91f01}" }, "geometry": { "type": "Point", "coordinates": [ 102.409532781025774, -4.048339173891473 ] } },
{ "type": "Feature", "properties": { "id": 2994, "left": 11400165.478269707, "top": -451030.33083616628, "right": 11400170.478269707, "bottom": -451025.33083616628, "row_index": 33, "col_index": 37, "jenis": "durian", "layer": "Clipped", "path": "Point?crs=EPSG:3857&field=id:long(0,0)&field=left:double(0,0)&field=top:double(0,0)&field=right:double(0,0)&field=bottom:double(0,0)&field=row_index:long(0,0)&field=col_index:long(0,0)&uid={b9ce6ca6-180e-4a3c-a6ad-ac32b9f91f01}" }, "geometry": { "type": "Point", "coordinates": [ 102.409532781025774, -4.048383977582567 ] } },
{ "type": "Feature", "properties": { "id": 2995, "left": 11400165.478269707, "top": -451035.33083616628, "right": 11400170.478269707, "bottom": -451030.33083616628, "row_index": 34, "col_index": 37, "jenis": "durian", "layer": "Clipped", "path": "Point?crs=EPSG:3857&field=id:long(0,0)&field=left:double(0,0)&field=top:double(0,0)&field=right:double(0,0)&field=bottom:double(0,0)&field=row_index:long(0,0)&field=col_index:long(0,0)&uid={b9ce6ca6-180e-4a3c-a6ad-ac32b9f91f01}" }, "geometry": { "type": "Point", "coordinates": [ 102.409532781025774, -4.048428781271182 ] } },
{ "type": "Feature", "properties": { "id": 2996, "left": 11400165.478269707, "top": -451040.33083616628, "right": 11400170.478269707, "bottom": -451035.33083616628, "row_index": 35, "col_index": 37, "jenis": "durian", "layer": "Clipped", "path": "Point?crs=EPSG:3857&field=id:long(0,0)&field=left:double(0,0)&field=top:double(0,0)&field=right:double(0,0)&field=bottom:double(0,0)&field=row_index:long(0,0)&field=col_index:long(0,0)&uid={b9ce6ca6-180e-4a3c-a6ad-ac32b9f91f01}" }, "geometry": { "type": "Point", "coordinates": [ 102.409532781025774, -4.048473584957317 ] } },
{ "type": "Feature", "properties": { "id": 2997, "left": 11400165.478269707, "top": -451045.33083616628, "right": 11400170.478269707, "bottom": -451040.33083616628, "row_index": 36, "col_index": 37, "jenis": "durian", "layer": "Clipped", "path": "Point?crs=EPSG:3857&field=id:long(0,0)&field=left:double(0,0)&field=top:double(0,0)&field=right:double(0,0)&field=bottom:double(0,0)&field=row_index:long(0,0)&field=col_index:long(0,0)&uid={b9ce6ca6-180e-4a3c-a6ad-ac32b9f91f01}" }, "geometry": { "type": "Point", "coordinates": [ 102.409532781025774, -4.048518388640972 ] } },
{ "type": "Feature", "properties": { "id": 2998, "left": 11400165.478269707, "top": -451050.33083616628, "right": 11400170.478269707, "bottom": -451045.33083616628, "row_index": 37, "col_index": 37, "jenis": "durian", "layer": "Clipped", "path": "Point?crs=EPSG:3857&field=id:long(0,0)&field=left:double(0,0)&field=top:double(0,0)&field=right:double(0,0)&field=bottom:double(0,0)&field=row_index:long(0,0)&field=col_index:long(0,0)&uid={b9ce6ca6-180e-4a3c-a6ad-ac32b9f91f01}" }, "geometry": { "type": "Point", "coordinates": [ 102.409532781025774, -4.048563192322147 ] } },
{ "type": "Feature", "properties": { "id": 2999, "left": 11400165.478269707, "top": -451055.33083616628, "right": 11400170.478269707, "bottom": -451050.33083616628, "row_index": 38, "col_index": 37, "jenis": "durian", "layer": "Clipped", "path": "Point?crs=EPSG:3857&field=id:long(0,0)&field=left:double(0,0)&field=top:double(0,0)&field=right:double(0,0)&field=bottom:double(0,0)&field=row_index:long(0,0)&field=col_index:long(0,0)&uid={b9ce6ca6-180e-4a3c-a6ad-ac32b9f91f01}" }, "geometry": { "type": "Point", "coordinates": [ 102.409532781025774, -4.048607996000844 ] } },
{ "type": "Feature", "properties": { "id": 3000, "left": 11400165.478269707, "top": -451060.33083616628, "right": 11400170.478269707, "bottom": -451055.33083616628, "row_index": 39, "col_index": 37, "jenis": "durian", "layer": "Clipped", "path": "Point?crs=EPSG:3857&field=id:long(0,0)&field=left:double(0,0)&field=top:double(0,0)&field=right:double(0,0)&field=bottom:double(0,0)&field=row_index:long(0,0)&field=col_index:long(0,0)&uid={b9ce6ca6-180e-4a3c-a6ad-ac32b9f91f01}" }, "geometry": { "type": "Point", "coordinates": [ 102.409532781025774, -4.048652799677058 ] } },
{ "type": "Feature", "properties": { "id": 3001, "left": 11400165.478269707, "top": -451065.33083616628, "right": 11400170.478269707, "bottom": -451060.33083616628, "row_index": 40, "col_index": 37, "jenis": "durian", "layer": "Clipped", "path": "Point?crs=EPSG:3857&field=id:long(0,0)&field=left:double(0,0)&field=top:double(0,0)&field=right:double(0,0)&field=bottom:double(0,0)&field=row_index:long(0,0)&field=col_index:long(0,0)&uid={b9ce6ca6-180e-4a3c-a6ad-ac32b9f91f01}" }, "geometry": { "type": "Point", "coordinates": [ 102.409532781025774, -4.048697603350795 ] } },
{ "type": "Feature", "properties": { "id": 3002, "left": 11400165.478269707, "top": -451070.33083616628, "right": 11400170.478269707, "bottom": -451065.33083616628, "row_index": 41, "col_index": 37, "jenis": "durian", "layer": "Clipped", "path": "Point?crs=EPSG:3857&field=id:long(0,0)&field=left:double(0,0)&field=top:double(0,0)&field=right:double(0,0)&field=bottom:double(0,0)&field=row_index:long(0,0)&field=col_index:long(0,0)&uid={b9ce6ca6-180e-4a3c-a6ad-ac32b9f91f01}" }, "geometry": { "type": "Point", "coordinates": [ 102.409532781025774, -4.048742407022051 ] } },
{ "type": "Feature", "properties": { "id": 3003, "left": 11400165.478269707, "top": -451075.33083616628, "right": 11400170.478269707, "bottom": -451070.33083616628, "row_index": 42, "col_index": 37, "jenis": "durian", "layer": "Clipped", "path": "Point?crs=EPSG:3857&field=id:long(0,0)&field=left:double(0,0)&field=top:double(0,0)&field=right:double(0,0)&field=bottom:double(0,0)&field=row_index:long(0,0)&field=col_index:long(0,0)&uid={b9ce6ca6-180e-4a3c-a6ad-ac32b9f91f01}" }, "geometry": { "type": "Point", "coordinates": [ 102.409532781025774, -4.048787210690827 ] } },
{ "type": "Feature", "properties": { "id": 3004, "left": 11400165.478269707, "top": -451080.33083616628, "right": 11400170.478269707, "bottom": -451075.33083616628, "row_index": 43, "col_index": 37, "jenis": "durian", "layer": "Clipped", "path": "Point?crs=EPSG:3857&field=id:long(0,0)&field=left:double(0,0)&field=top:double(0,0)&field=right:double(0,0)&field=bottom:double(0,0)&field=row_index:long(0,0)&field=col_index:long(0,0)&uid={b9ce6ca6-180e-4a3c-a6ad-ac32b9f91f01}" }, "geometry": { "type": "Point", "coordinates": [ 102.409532781025774, -4.048832014357124 ] } },
{ "type": "Feature", "properties": { "id": 3005, "left": 11400165.478269707, "top": -451085.33083616628, "right": 11400170.478269707, "bottom": -451080.33083616628, "row_index": 44, "col_index": 37, "jenis": "durian", "layer": "Clipped", "path": "Point?crs=EPSG:3857&field=id:long(0,0)&field=left:double(0,0)&field=top:double(0,0)&field=right:double(0,0)&field=bottom:double(0,0)&field=row_index:long(0,0)&field=col_index:long(0,0)&uid={b9ce6ca6-180e-4a3c-a6ad-ac32b9f91f01}" }, "geometry": { "type": "Point", "coordinates": [ 102.409532781025774, -4.048876818020941 ] } },
{ "type": "Feature", "properties": { "id": 3068, "left": 11400170.478269707, "top": -451000.33083616628, "right": 11400175.478269707, "bottom": -450995.33083616628, "row_index": 27, "col_index": 38, "jenis": "durian", "layer": "Clipped", "path": "Point?crs=EPSG:3857&field=id:long(0,0)&field=left:double(0,0)&field=top:double(0,0)&field=right:double(0,0)&field=bottom:double(0,0)&field=row_index:long(0,0)&field=col_index:long(0,0)&uid={b9ce6ca6-180e-4a3c-a6ad-ac32b9f91f01}" }, "geometry": { "type": "Point", "coordinates": [ 102.409577696789981, -4.04811515539881 ] } },
{ "type": "Feature", "properties": { "id": 3069, "left": 11400170.478269707, "top": -451005.33083616628, "right": 11400175.478269707, "bottom": -451000.33083616628, "row_index": 28, "col_index": 38, "jenis": "durian", "layer": "Clipped", "path": "Point?crs=EPSG:3857&field=id:long(0,0)&field=left:double(0,0)&field=top:double(0,0)&field=right:double(0,0)&field=bottom:double(0,0)&field=row_index:long(0,0)&field=col_index:long(0,0)&uid={b9ce6ca6-180e-4a3c-a6ad-ac32b9f91f01}" }, "geometry": { "type": "Point", "coordinates": [ 102.409577696789981, -4.048159959102302 ] } },
{ "type": "Feature", "properties": { "id": 3070, "left": 11400170.478269707, "top": -451010.33083616628, "right": 11400175.478269707, "bottom": -451005.33083616628, "row_index": 29, "col_index": 38, "jenis": "durian", "layer": "Clipped", "path": "Point?crs=EPSG:3857&field=id:long(0,0)&field=left:double(0,0)&field=top:double(0,0)&field=right:double(0,0)&field=bottom:double(0,0)&field=row_index:long(0,0)&field=col_index:long(0,0)&uid={b9ce6ca6-180e-4a3c-a6ad-ac32b9f91f01}" }, "geometry": { "type": "Point", "coordinates": [ 102.409577696789981, -4.048204762803313 ] } },
{ "type": "Feature", "properties": { "id": 3071, "left": 11400170.478269707, "top": -451015.33083616628, "right": 11400175.478269707, "bottom": -451010.33083616628, "row_index": 30, "col_index": 38, "jenis": "durian", "layer": "Clipped", "path": "Point?crs=EPSG:3857&field=id:long(0,0)&field=left:double(0,0)&field=top:double(0,0)&field=right:double(0,0)&field=bottom:double(0,0)&field=row_index:long(0,0)&field=col_index:long(0,0)&uid={b9ce6ca6-180e-4a3c-a6ad-ac32b9f91f01}" }, "geometry": { "type": "Point", "coordinates": [ 102.409577696789981, -4.048249566501847 ] } },
{ "type": "Feature", "properties": { "id": 3072, "left": 11400170.478269707, "top": -451020.33083616628, "right": 11400175.478269707, "bottom": -451015.33083616628, "row_index": 31, "col_index": 38, "jenis": "durian", "layer": "Clipped", "path": "Point?crs=EPSG:3857&field=id:long(0,0)&field=left:double(0,0)&field=top:double(0,0)&field=right:double(0,0)&field=bottom:double(0,0)&field=row_index:long(0,0)&field=col_index:long(0,0)&uid={b9ce6ca6-180e-4a3c-a6ad-ac32b9f91f01}" }, "geometry": { "type": "Point", "coordinates": [ 102.409577696789981, -4.048294370197899 ] } },
{ "type": "Feature", "properties": { "id": 3073, "left": 11400170.478269707, "top": -451025.33083616628, "right": 11400175.478269707, "bottom": -451020.33083616628, "row_index": 32, "col_index": 38, "jenis": "durian", "layer": "Clipped", "path": "Point?crs=EPSG:3857&field=id:long(0,0)&field=left:double(0,0)&field=top:double(0,0)&field=right:double(0,0)&field=bottom:double(0,0)&field=row_index:long(0,0)&field=col_index:long(0,0)&uid={b9ce6ca6-180e-4a3c-a6ad-ac32b9f91f01}" }, "geometry": { "type": "Point", "coordinates": [ 102.409577696789981, -4.048339173891473 ] } },
{ "type": "Feature", "properties": { "id": 3074, "left": 11400170.478269707, "top": -451030.33083616628, "right": 11400175.478269707, "bottom": -451025.33083616628, "row_index": 33, "col_index": 38, "jenis": "durian", "layer": "Clipped", "path": "Point?crs=EPSG:3857&field=id:long(0,0)&field=left:double(0,0)&field=top:double(0,0)&field=right:double(0,0)&field=bottom:double(0,0)&field=row_index:long(0,0)&field=col_index:long(0,0)&uid={b9ce6ca6-180e-4a3c-a6ad-ac32b9f91f01}" }, "geometry": { "type": "Point", "coordinates": [ 102.409577696789981, -4.048383977582567 ] } },
{ "type": "Feature", "properties": { "id": 3075, "left": 11400170.478269707, "top": -451035.33083616628, "right": 11400175.478269707, "bottom": -451030.33083616628, "row_index": 34, "col_index": 38, "jenis": "durian", "layer": "Clipped", "path": "Point?crs=EPSG:3857&field=id:long(0,0)&field=left:double(0,0)&field=top:double(0,0)&field=right:double(0,0)&field=bottom:double(0,0)&field=row_index:long(0,0)&field=col_index:long(0,0)&uid={b9ce6ca6-180e-4a3c-a6ad-ac32b9f91f01}" }, "geometry": { "type": "Point", "coordinates": [ 102.409577696789981, -4.048428781271182 ] } },
{ "type": "Feature", "properties": { "id": 3076, "left": 11400170.478269707, "top": -451040.33083616628, "right": 11400175.478269707, "bottom": -451035.33083616628, "row_index": 35, "col_index": 38, "jenis": "durian", "layer": "Clipped", "path": "Point?crs=EPSG:3857&field=id:long(0,0)&field=left:double(0,0)&field=top:double(0,0)&field=right:double(0,0)&field=bottom:double(0,0)&field=row_index:long(0,0)&field=col_index:long(0,0)&uid={b9ce6ca6-180e-4a3c-a6ad-ac32b9f91f01}" }, "geometry": { "type": "Point", "coordinates": [ 102.409577696789981, -4.048473584957317 ] } },
{ "type": "Feature", "properties": { "id": 3077, "left": 11400170.478269707, "top": -451045.33083616628, "right": 11400175.478269707, "bottom": -451040.33083616628, "row_index": 36, "col_index": 38, "jenis": "durian", "layer": "Clipped", "path": "Point?crs=EPSG:3857&field=id:long(0,0)&field=left:double(0,0)&field=top:double(0,0)&field=right:double(0,0)&field=bottom:double(0,0)&field=row_index:long(0,0)&field=col_index:long(0,0)&uid={b9ce6ca6-180e-4a3c-a6ad-ac32b9f91f01}" }, "geometry": { "type": "Point", "coordinates": [ 102.409577696789981, -4.048518388640972 ] } },
{ "type": "Feature", "properties": { "id": 3078, "left": 11400170.478269707, "top": -451050.33083616628, "right": 11400175.478269707, "bottom": -451045.33083616628, "row_index": 37, "col_index": 38, "jenis": "durian", "layer": "Clipped", "path": "Point?crs=EPSG:3857&field=id:long(0,0)&field=left:double(0,0)&field=top:double(0,0)&field=right:double(0,0)&field=bottom:double(0,0)&field=row_index:long(0,0)&field=col_index:long(0,0)&uid={b9ce6ca6-180e-4a3c-a6ad-ac32b9f91f01}" }, "geometry": { "type": "Point", "coordinates": [ 102.409577696789981, -4.048563192322147 ] } },
{ "type": "Feature", "properties": { "id": 3079, "left": 11400170.478269707, "top": -451055.33083616628, "right": 11400175.478269707, "bottom": -451050.33083616628, "row_index": 38, "col_index": 38, "jenis": "durian", "layer": "Clipped", "path": "Point?crs=EPSG:3857&field=id:long(0,0)&field=left:double(0,0)&field=top:double(0,0)&field=right:double(0,0)&field=bottom:double(0,0)&field=row_index:long(0,0)&field=col_index:long(0,0)&uid={b9ce6ca6-180e-4a3c-a6ad-ac32b9f91f01}" }, "geometry": { "type": "Point", "coordinates": [ 102.409577696789981, -4.048607996000844 ] } },
{ "type": "Feature", "properties": { "id": 3080, "left": 11400170.478269707, "top": -451060.33083616628, "right": 11400175.478269707, "bottom": -451055.33083616628, "row_index": 39, "col_index": 38, "jenis": "durian", "layer": "Clipped", "path": "Point?crs=EPSG:3857&field=id:long(0,0)&field=left:double(0,0)&field=top:double(0,0)&field=right:double(0,0)&field=bottom:double(0,0)&field=row_index:long(0,0)&field=col_index:long(0,0)&uid={b9ce6ca6-180e-4a3c-a6ad-ac32b9f91f01}" }, "geometry": { "type": "Point", "coordinates": [ 102.409577696789981, -4.048652799677058 ] } },
{ "type": "Feature", "properties": { "id": 3081, "left": 11400170.478269707, "top": -451065.33083616628, "right": 11400175.478269707, "bottom": -451060.33083616628, "row_index": 40, "col_index": 38, "jenis": "durian", "layer": "Clipped", "path": "Point?crs=EPSG:3857&field=id:long(0,0)&field=left:double(0,0)&field=top:double(0,0)&field=right:double(0,0)&field=bottom:double(0,0)&field=row_index:long(0,0)&field=col_index:long(0,0)&uid={b9ce6ca6-180e-4a3c-a6ad-ac32b9f91f01}" }, "geometry": { "type": "Point", "coordinates": [ 102.409577696789981, -4.048697603350795 ] } },
{ "type": "Feature", "properties": { "id": 3082, "left": 11400170.478269707, "top": -451070.33083616628, "right": 11400175.478269707, "bottom": -451065.33083616628, "row_index": 41, "col_index": 38, "jenis": "durian", "layer": "Clipped", "path": "Point?crs=EPSG:3857&field=id:long(0,0)&field=left:double(0,0)&field=top:double(0,0)&field=right:double(0,0)&field=bottom:double(0,0)&field=row_index:long(0,0)&field=col_index:long(0,0)&uid={b9ce6ca6-180e-4a3c-a6ad-ac32b9f91f01}" }, "geometry": { "type": "Point", "coordinates": [ 102.409577696789981, -4.048742407022051 ] } },
{ "type": "Feature", "properties": { "id": 3083, "left": 11400170.478269707, "top": -451075.33083616628, "right": 11400175.478269707, "bottom": -451070.33083616628, "row_index": 42, "col_index": 38, "jenis": "durian", "layer": "Clipped", "path": "Point?crs=EPSG:3857&field=id:long(0,0)&field=left:double(0,0)&field=top:double(0,0)&field=right:double(0,0)&field=bottom:double(0,0)&field=row_index:long(0,0)&field=col_index:long(0,0)&uid={b9ce6ca6-180e-4a3c-a6ad-ac32b9f91f01}" }, "geometry": { "type": "Point", "coordinates": [ 102.409577696789981, -4.048787210690827 ] } },
{ "type": "Feature", "properties": { "id": 3084, "left": 11400170.478269707, "top": -451080.33083616628, "right": 11400175.478269707, "bottom": -451075.33083616628, "row_index": 43, "col_index": 38, "jenis": "durian", "layer": "Clipped", "path": "Point?crs=EPSG:3857&field=id:long(0,0)&field=left:double(0,0)&field=top:double(0,0)&field=right:double(0,0)&field=bottom:double(0,0)&field=row_index:long(0,0)&field=col_index:long(0,0)&uid={b9ce6ca6-180e-4a3c-a6ad-ac32b9f91f01}" }, "geometry": { "type": "Point", "coordinates": [ 102.409577696789981, -4.048832014357124 ] } },
{ "type": "Feature", "properties": { "id": 3151, "left": 11400175.478269707, "top": -451015.33083616628, "right": 11400180.478269707, "bottom": -451010.33083616628, "row_index": 30, "col_index": 39, "jenis": "durian", "layer": "Clipped", "path": "Point?crs=EPSG:3857&field=id:long(0,0)&field=left:double(0,0)&field=top:double(0,0)&field=right:double(0,0)&field=bottom:double(0,0)&field=row_index:long(0,0)&field=col_index:long(0,0)&uid={b9ce6ca6-180e-4a3c-a6ad-ac32b9f91f01}" }, "geometry": { "type": "Point", "coordinates": [ 102.409622612554188, -4.048249566501847 ] } },
{ "type": "Feature", "properties": { "id": 3152, "left": 11400175.478269707, "top": -451020.33083616628, "right": 11400180.478269707, "bottom": -451015.33083616628, "row_index": 31, "col_index": 39, "jenis": "durian", "layer": "Clipped", "path": "Point?crs=EPSG:3857&field=id:long(0,0)&field=left:double(0,0)&field=top:double(0,0)&field=right:double(0,0)&field=bottom:double(0,0)&field=row_index:long(0,0)&field=col_index:long(0,0)&uid={b9ce6ca6-180e-4a3c-a6ad-ac32b9f91f01}" }, "geometry": { "type": "Point", "coordinates": [ 102.409622612554188, -4.048294370197899 ] } },
{ "type": "Feature", "properties": { "id": 3153, "left": 11400175.478269707, "top": -451025.33083616628, "right": 11400180.478269707, "bottom": -451020.33083616628, "row_index": 32, "col_index": 39, "jenis": "durian", "layer": "Clipped", "path": "Point?crs=EPSG:3857&field=id:long(0,0)&field=left:double(0,0)&field=top:double(0,0)&field=right:double(0,0)&field=bottom:double(0,0)&field=row_index:long(0,0)&field=col_index:long(0,0)&uid={b9ce6ca6-180e-4a3c-a6ad-ac32b9f91f01}" }, "geometry": { "type": "Point", "coordinates": [ 102.409622612554188, -4.048339173891473 ] } },
{ "type": "Feature", "properties": { "id": 3154, "left": 11400175.478269707, "top": -451030.33083616628, "right": 11400180.478269707, "bottom": -451025.33083616628, "row_index": 33, "col_index": 39, "jenis": "durian", "layer": "Clipped", "path": "Point?crs=EPSG:3857&field=id:long(0,0)&field=left:double(0,0)&field=top:double(0,0)&field=right:double(0,0)&field=bottom:double(0,0)&field=row_index:long(0,0)&field=col_index:long(0,0)&uid={b9ce6ca6-180e-4a3c-a6ad-ac32b9f91f01}" }, "geometry": { "type": "Point", "coordinates": [ 102.409622612554188, -4.048383977582567 ] } },
{ "type": "Feature", "properties": { "id": 3155, "left": 11400175.478269707, "top": -451035.33083616628, "right": 11400180.478269707, "bottom": -451030.33083616628, "row_index": 34, "col_index": 39, "jenis": "durian", "layer": "Clipped", "path": "Point?crs=EPSG:3857&field=id:long(0,0)&field=left:double(0,0)&field=top:double(0,0)&field=right:double(0,0)&field=bottom:double(0,0)&field=row_index:long(0,0)&field=col_index:long(0,0)&uid={b9ce6ca6-180e-4a3c-a6ad-ac32b9f91f01}" }, "geometry": { "type": "Point", "coordinates": [ 102.409622612554188, -4.048428781271182 ] } },
{ "type": "Feature", "properties": { "id": 3156, "left": 11400175.478269707, "top": -451040.33083616628, "right": 11400180.478269707, "bottom": -451035.33083616628, "row_index": 35, "col_index": 39, "jenis": "durian", "layer": "Clipped", "path": "Point?crs=EPSG:3857&field=id:long(0,0)&field=left:double(0,0)&field=top:double(0,0)&field=right:double(0,0)&field=bottom:double(0,0)&field=row_index:long(0,0)&field=col_index:long(0,0)&uid={b9ce6ca6-180e-4a3c-a6ad-ac32b9f91f01}" }, "geometry": { "type": "Point", "coordinates": [ 102.409622612554188, -4.048473584957317 ] } },
{ "type": "Feature", "properties": { "id": 3157, "left": 11400175.478269707, "top": -451045.33083616628, "right": 11400180.478269707, "bottom": -451040.33083616628, "row_index": 36, "col_index": 39, "jenis": "durian", "layer": "Clipped", "path": "Point?crs=EPSG:3857&field=id:long(0,0)&field=left:double(0,0)&field=top:double(0,0)&field=right:double(0,0)&field=bottom:double(0,0)&field=row_index:long(0,0)&field=col_index:long(0,0)&uid={b9ce6ca6-180e-4a3c-a6ad-ac32b9f91f01}" }, "geometry": { "type": "Point", "coordinates": [ 102.409622612554188, -4.048518388640972 ] } },
{ "type": "Feature", "properties": { "id": 3158, "left": 11400175.478269707, "top": -451050.33083616628, "right": 11400180.478269707, "bottom": -451045.33083616628, "row_index": 37, "col_index": 39, "jenis": "durian", "layer": "Clipped", "path": "Point?crs=EPSG:3857&field=id:long(0,0)&field=left:double(0,0)&field=top:double(0,0)&field=right:double(0,0)&field=bottom:double(0,0)&field=row_index:long(0,0)&field=col_index:long(0,0)&uid={b9ce6ca6-180e-4a3c-a6ad-ac32b9f91f01}" }, "geometry": { "type": "Point", "coordinates": [ 102.409622612554188, -4.048563192322147 ] } },
{ "type": "Feature", "properties": { "id": 3159, "left": 11400175.478269707, "top": -451055.33083616628, "right": 11400180.478269707, "bottom": -451050.33083616628, "row_index": 38, "col_index": 39, "jenis": "durian", "layer": "Clipped", "path": "Point?crs=EPSG:3857&field=id:long(0,0)&field=left:double(0,0)&field=top:double(0,0)&field=right:double(0,0)&field=bottom:double(0,0)&field=row_index:long(0,0)&field=col_index:long(0,0)&uid={b9ce6ca6-180e-4a3c-a6ad-ac32b9f91f01}" }, "geometry": { "type": "Point", "coordinates": [ 102.409622612554188, -4.048607996000844 ] } },
{ "type": "Feature", "properties": { "id": 3160, "left": 11400175.478269707, "top": -451060.33083616628, "right": 11400180.478269707, "bottom": -451055.33083616628, "row_index": 39, "col_index": 39, "jenis": "durian", "layer": "Clipped", "path": "Point?crs=EPSG:3857&field=id:long(0,0)&field=left:double(0,0)&field=top:double(0,0)&field=right:double(0,0)&field=bottom:double(0,0)&field=row_index:long(0,0)&field=col_index:long(0,0)&uid={b9ce6ca6-180e-4a3c-a6ad-ac32b9f91f01}" }, "geometry": { "type": "Point", "coordinates": [ 102.409622612554188, -4.048652799677058 ] } },
{ "type": "Feature", "properties": { "id": 3161, "left": 11400175.478269707, "top": -451065.33083616628, "right": 11400180.478269707, "bottom": -451060.33083616628, "row_index": 40, "col_index": 39, "jenis": "durian", "layer": "Clipped", "path": "Point?crs=EPSG:3857&field=id:long(0,0)&field=left:double(0,0)&field=top:double(0,0)&field=right:double(0,0)&field=bottom:double(0,0)&field=row_index:long(0,0)&field=col_index:long(0,0)&uid={b9ce6ca6-180e-4a3c-a6ad-ac32b9f91f01}" }, "geometry": { "type": "Point", "coordinates": [ 102.409622612554188, -4.048697603350795 ] } },
{ "type": "Feature", "properties": { "id": 3162, "left": 11400175.478269707, "top": -451070.33083616628, "right": 11400180.478269707, "bottom": -451065.33083616628, "row_index": 41, "col_index": 39, "jenis": "durian", "layer": "Clipped", "path": "Point?crs=EPSG:3857&field=id:long(0,0)&field=left:double(0,0)&field=top:double(0,0)&field=right:double(0,0)&field=bottom:double(0,0)&field=row_index:long(0,0)&field=col_index:long(0,0)&uid={b9ce6ca6-180e-4a3c-a6ad-ac32b9f91f01}" }, "geometry": { "type": "Point", "coordinates": [ 102.409622612554188, -4.048742407022051 ] } },
{ "type": "Feature", "properties": { "id": 3163, "left": 11400175.478269707, "top": -451075.33083616628, "right": 11400180.478269707, "bottom": -451070.33083616628, "row_index": 42, "col_index": 39, "jenis": "durian", "layer": "Clipped", "path": "Point?crs=EPSG:3857&field=id:long(0,0)&field=left:double(0,0)&field=top:double(0,0)&field=right:double(0,0)&field=bottom:double(0,0)&field=row_index:long(0,0)&field=col_index:long(0,0)&uid={b9ce6ca6-180e-4a3c-a6ad-ac32b9f91f01}" }, "geometry": { "type": "Point", "coordinates": [ 102.409622612554188, -4.048787210690827 ] } },
{ "type": "Feature", "properties": { "id": 3232, "left": 11400180.478269707, "top": -451020.33083616628, "right": 11400185.478269707, "bottom": -451015.33083616628, "row_index": 31, "col_index": 40, "jenis": "durian", "layer": "Clipped", "path": "Point?crs=EPSG:3857&field=id:long(0,0)&field=left:double(0,0)&field=top:double(0,0)&field=right:double(0,0)&field=bottom:double(0,0)&field=row_index:long(0,0)&field=col_index:long(0,0)&uid={b9ce6ca6-180e-4a3c-a6ad-ac32b9f91f01}" }, "geometry": { "type": "Point", "coordinates": [ 102.409667528318394, -4.048294370197899 ] } },
{ "type": "Feature", "properties": { "id": 3233, "left": 11400180.478269707, "top": -451025.33083616628, "right": 11400185.478269707, "bottom": -451020.33083616628, "row_index": 32, "col_index": 40, "jenis": "durian", "layer": "Clipped", "path": "Point?crs=EPSG:3857&field=id:long(0,0)&field=left:double(0,0)&field=top:double(0,0)&field=right:double(0,0)&field=bottom:double(0,0)&field=row_index:long(0,0)&field=col_index:long(0,0)&uid={b9ce6ca6-180e-4a3c-a6ad-ac32b9f91f01}" }, "geometry": { "type": "Point", "coordinates": [ 102.409667528318394, -4.048339173891473 ] } },
{ "type": "Feature", "properties": { "id": 3234, "left": 11400180.478269707, "top": -451030.33083616628, "right": 11400185.478269707, "bottom": -451025.33083616628, "row_index": 33, "col_index": 40, "jenis": "durian", "layer": "Clipped", "path": "Point?crs=EPSG:3857&field=id:long(0,0)&field=left:double(0,0)&field=top:double(0,0)&field=right:double(0,0)&field=bottom:double(0,0)&field=row_index:long(0,0)&field=col_index:long(0,0)&uid={b9ce6ca6-180e-4a3c-a6ad-ac32b9f91f01}" }, "geometry": { "type": "Point", "coordinates": [ 102.409667528318394, -4.048383977582567 ] } },
{ "type": "Feature", "properties": { "id": 3235, "left": 11400180.478269707, "top": -451035.33083616628, "right": 11400185.478269707, "bottom": -451030.33083616628, "row_index": 34, "col_index": 40, "jenis": "durian", "layer": "Clipped", "path": "Point?crs=EPSG:3857&field=id:long(0,0)&field=left:double(0,0)&field=top:double(0,0)&field=right:double(0,0)&field=bottom:double(0,0)&field=row_index:long(0,0)&field=col_index:long(0,0)&uid={b9ce6ca6-180e-4a3c-a6ad-ac32b9f91f01}" }, "geometry": { "type": "Point", "coordinates": [ 102.409667528318394, -4.048428781271182 ] } },
{ "type": "Feature", "properties": { "id": 3236, "left": 11400180.478269707, "top": -451040.33083616628, "right": 11400185.478269707, "bottom": -451035.33083616628, "row_index": 35, "col_index": 40, "jenis": "durian", "layer": "Clipped", "path": "Point?crs=EPSG:3857&field=id:long(0,0)&field=left:double(0,0)&field=top:double(0,0)&field=right:double(0,0)&field=bottom:double(0,0)&field=row_index:long(0,0)&field=col_index:long(0,0)&uid={b9ce6ca6-180e-4a3c-a6ad-ac32b9f91f01}" }, "geometry": { "type": "Point", "coordinates": [ 102.409667528318394, -4.048473584957317 ] } },
{ "type": "Feature", "properties": { "id": 3237, "left": 11400180.478269707, "top": -451045.33083616628, "right": 11400185.478269707, "bottom": -451040.33083616628, "row_index": 36, "col_index": 40, "jenis": "durian", "layer": "Clipped", "path": "Point?crs=EPSG:3857&field=id:long(0,0)&field=left:double(0,0)&field=top:double(0,0)&field=right:double(0,0)&field=bottom:double(0,0)&field=row_index:long(0,0)&field=col_index:long(0,0)&uid={b9ce6ca6-180e-4a3c-a6ad-ac32b9f91f01}" }, "geometry": { "type": "Point", "coordinates": [ 102.409667528318394, -4.048518388640972 ] } },
{ "type": "Feature", "properties": { "id": 3238, "left": 11400180.478269707, "top": -451050.33083616628, "right": 11400185.478269707, "bottom": -451045.33083616628, "row_index": 37, "col_index": 40, "jenis": "durian", "layer": "Clipped", "path": "Point?crs=EPSG:3857&field=id:long(0,0)&field=left:double(0,0)&field=top:double(0,0)&field=right:double(0,0)&field=bottom:double(0,0)&field=row_index:long(0,0)&field=col_index:long(0,0)&uid={b9ce6ca6-180e-4a3c-a6ad-ac32b9f91f01}" }, "geometry": { "type": "Point", "coordinates": [ 102.409667528318394, -4.048563192322147 ] } },
{ "type": "Feature", "properties": { "id": 3239, "left": 11400180.478269707, "top": -451055.33083616628, "right": 11400185.478269707, "bottom": -451050.33083616628, "row_index": 38, "col_index": 40, "jenis": "durian", "layer": "Clipped", "path": "Point?crs=EPSG:3857&field=id:long(0,0)&field=left:double(0,0)&field=top:double(0,0)&field=right:double(0,0)&field=bottom:double(0,0)&field=row_index:long(0,0)&field=col_index:long(0,0)&uid={b9ce6ca6-180e-4a3c-a6ad-ac32b9f91f01}" }, "geometry": { "type": "Point", "coordinates": [ 102.409667528318394, -4.048607996000844 ] } },
{ "type": "Feature", "properties": { "id": 3240, "left": 11400180.478269707, "top": -451060.33083616628, "right": 11400185.478269707, "bottom": -451055.33083616628, "row_index": 39, "col_index": 40, "jenis": "durian", "layer": "Clipped", "path": "Point?crs=EPSG:3857&field=id:long(0,0)&field=left:double(0,0)&field=top:double(0,0)&field=right:double(0,0)&field=bottom:double(0,0)&field=row_index:long(0,0)&field=col_index:long(0,0)&uid={b9ce6ca6-180e-4a3c-a6ad-ac32b9f91f01}" }, "geometry": { "type": "Point", "coordinates": [ 102.409667528318394, -4.048652799677058 ] } },
{ "type": "Feature", "properties": { "id": 3241, "left": 11400180.478269707, "top": -451065.33083616628, "right": 11400185.478269707, "bottom": -451060.33083616628, "row_index": 40, "col_index": 40, "jenis": "durian", "layer": "Clipped", "path": "Point?crs=EPSG:3857&field=id:long(0,0)&field=left:double(0,0)&field=top:double(0,0)&field=right:double(0,0)&field=bottom:double(0,0)&field=row_index:long(0,0)&field=col_index:long(0,0)&uid={b9ce6ca6-180e-4a3c-a6ad-ac32b9f91f01}" }, "geometry": { "type": "Point", "coordinates": [ 102.409667528318394, -4.048697603350795 ] } },
{ "type": "Feature", "properties": { "id": 3242, "left": 11400180.478269707, "top": -451070.33083616628, "right": 11400185.478269707, "bottom": -451065.33083616628, "row_index": 41, "col_index": 40, "jenis": "durian", "layer": "Clipped", "path": "Point?crs=EPSG:3857&field=id:long(0,0)&field=left:double(0,0)&field=top:double(0,0)&field=right:double(0,0)&field=bottom:double(0,0)&field=row_index:long(0,0)&field=col_index:long(0,0)&uid={b9ce6ca6-180e-4a3c-a6ad-ac32b9f91f01}" }, "geometry": { "type": "Point", "coordinates": [ 102.409667528318394, -4.048742407022051 ] } },
{ "type": "Feature", "properties": { "id": 3243, "left": 11400180.478269707, "top": -451075.33083616628, "right": 11400185.478269707, "bottom": -451070.33083616628, "row_index": 42, "col_index": 40, "jenis": "durian", "layer": "Clipped", "path": "Point?crs=EPSG:3857&field=id:long(0,0)&field=left:double(0,0)&field=top:double(0,0)&field=right:double(0,0)&field=bottom:double(0,0)&field=row_index:long(0,0)&field=col_index:long(0,0)&uid={b9ce6ca6-180e-4a3c-a6ad-ac32b9f91f01}" }, "geometry": { "type": "Point", "coordinates": [ 102.409667528318394, -4.048787210690827 ] } },
{ "type": "Feature", "properties": { "id": 3313, "left": 11400185.478269707, "top": -451025.33083616628, "right": 11400190.478269707, "bottom": -451020.33083616628, "row_index": 32, "col_index": 41, "jenis": "durian", "layer": "Clipped", "path": "Point?crs=EPSG:3857&field=id:long(0,0)&field=left:double(0,0)&field=top:double(0,0)&field=right:double(0,0)&field=bottom:double(0,0)&field=row_index:long(0,0)&field=col_index:long(0,0)&uid={b9ce6ca6-180e-4a3c-a6ad-ac32b9f91f01}" }, "geometry": { "type": "Point", "coordinates": [ 102.409712444082601, -4.048339173891473 ] } },
{ "type": "Feature", "properties": { "id": 3314, "left": 11400185.478269707, "top": -451030.33083616628, "right": 11400190.478269707, "bottom": -451025.33083616628, "row_index": 33, "col_index": 41, "jenis": "durian", "layer": "Clipped", "path": "Point?crs=EPSG:3857&field=id:long(0,0)&field=left:double(0,0)&field=top:double(0,0)&field=right:double(0,0)&field=bottom:double(0,0)&field=row_index:long(0,0)&field=col_index:long(0,0)&uid={b9ce6ca6-180e-4a3c-a6ad-ac32b9f91f01}" }, "geometry": { "type": "Point", "coordinates": [ 102.409712444082601, -4.048383977582567 ] } },
{ "type": "Feature", "properties": { "id": 3315, "left": 11400185.478269707, "top": -451035.33083616628, "right": 11400190.478269707, "bottom": -451030.33083616628, "row_index": 34, "col_index": 41, "jenis": "durian", "layer": "Clipped", "path": "Point?crs=EPSG:3857&field=id:long(0,0)&field=left:double(0,0)&field=top:double(0,0)&field=right:double(0,0)&field=bottom:double(0,0)&field=row_index:long(0,0)&field=col_index:long(0,0)&uid={b9ce6ca6-180e-4a3c-a6ad-ac32b9f91f01}" }, "geometry": { "type": "Point", "coordinates": [ 102.409712444082601, -4.048428781271182 ] } },
{ "type": "Feature", "properties": { "id": 3316, "left": 11400185.478269707, "top": -451040.33083616628, "right": 11400190.478269707, "bottom": -451035.33083616628, "row_index": 35, "col_index": 41, "jenis": "durian", "layer": "Clipped", "path": "Point?crs=EPSG:3857&field=id:long(0,0)&field=left:double(0,0)&field=top:double(0,0)&field=right:double(0,0)&field=bottom:double(0,0)&field=row_index:long(0,0)&field=col_index:long(0,0)&uid={b9ce6ca6-180e-4a3c-a6ad-ac32b9f91f01}" }, "geometry": { "type": "Point", "coordinates": [ 102.409712444082601, -4.048473584957317 ] } },
{ "type": "Feature", "properties": { "id": 3317, "left": 11400185.478269707, "top": -451045.33083616628, "right": 11400190.478269707, "bottom": -451040.33083616628, "row_index": 36, "col_index": 41, "jenis": "durian", "layer": "Clipped", "path": "Point?crs=EPSG:3857&field=id:long(0,0)&field=left:double(0,0)&field=top:double(0,0)&field=right:double(0,0)&field=bottom:double(0,0)&field=row_index:long(0,0)&field=col_index:long(0,0)&uid={b9ce6ca6-180e-4a3c-a6ad-ac32b9f91f01}" }, "geometry": { "type": "Point", "coordinates": [ 102.409712444082601, -4.048518388640972 ] } },
{ "type": "Feature", "properties": { "id": 3318, "left": 11400185.478269707, "top": -451050.33083616628, "right": 11400190.478269707, "bottom": -451045.33083616628, "row_index": 37, "col_index": 41, "jenis": "durian", "layer": "Clipped", "path": "Point?crs=EPSG:3857&field=id:long(0,0)&field=left:double(0,0)&field=top:double(0,0)&field=right:double(0,0)&field=bottom:double(0,0)&field=row_index:long(0,0)&field=col_index:long(0,0)&uid={b9ce6ca6-180e-4a3c-a6ad-ac32b9f91f01}" }, "geometry": { "type": "Point", "coordinates": [ 102.409712444082601, -4.048563192322147 ] } },
{ "type": "Feature", "properties": { "id": 3319, "left": 11400185.478269707, "top": -451055.33083616628, "right": 11400190.478269707, "bottom": -451050.33083616628, "row_index": 38, "col_index": 41, "jenis": "durian", "layer": "Clipped", "path": "Point?crs=EPSG:3857&field=id:long(0,0)&field=left:double(0,0)&field=top:double(0,0)&field=right:double(0,0)&field=bottom:double(0,0)&field=row_index:long(0,0)&field=col_index:long(0,0)&uid={b9ce6ca6-180e-4a3c-a6ad-ac32b9f91f01}" }, "geometry": { "type": "Point", "coordinates": [ 102.409712444082601, -4.048607996000844 ] } },
{ "type": "Feature", "properties": { "id": 3320, "left": 11400185.478269707, "top": -451060.33083616628, "right": 11400190.478269707, "bottom": -451055.33083616628, "row_index": 39, "col_index": 41, "jenis": "durian", "layer": "Clipped", "path": "Point?crs=EPSG:3857&field=id:long(0,0)&field=left:double(0,0)&field=top:double(0,0)&field=right:double(0,0)&field=bottom:double(0,0)&field=row_index:long(0,0)&field=col_index:long(0,0)&uid={b9ce6ca6-180e-4a3c-a6ad-ac32b9f91f01}" }, "geometry": { "type": "Point", "coordinates": [ 102.409712444082601, -4.048652799677058 ] } },
{ "type": "Feature", "properties": { "id": 3321, "left": 11400185.478269707, "top": -451065.33083616628, "right": 11400190.478269707, "bottom": -451060.33083616628, "row_index": 40, "col_index": 41, "jenis": "durian", "layer": "Clipped", "path": "Point?crs=EPSG:3857&field=id:long(0,0)&field=left:double(0,0)&field=top:double(0,0)&field=right:double(0,0)&field=bottom:double(0,0)&field=row_index:long(0,0)&field=col_index:long(0,0)&uid={b9ce6ca6-180e-4a3c-a6ad-ac32b9f91f01}" }, "geometry": { "type": "Point", "coordinates": [ 102.409712444082601, -4.048697603350795 ] } },
{ "type": "Feature", "properties": { "id": 3322, "left": 11400185.478269707, "top": -451070.33083616628, "right": 11400190.478269707, "bottom": -451065.33083616628, "row_index": 41, "col_index": 41, "jenis": "durian", "layer": "Clipped", "path": "Point?crs=EPSG:3857&field=id:long(0,0)&field=left:double(0,0)&field=top:double(0,0)&field=right:double(0,0)&field=bottom:double(0,0)&field=row_index:long(0,0)&field=col_index:long(0,0)&uid={b9ce6ca6-180e-4a3c-a6ad-ac32b9f91f01}" }, "geometry": { "type": "Point", "coordinates": [ 102.409712444082601, -4.048742407022051 ] } },
{ "type": "Feature", "properties": { "id": 3323, "left": 11400185.478269707, "top": -451075.33083616628, "right": 11400190.478269707, "bottom": -451070.33083616628, "row_index": 42, "col_index": 41, "jenis": "durian", "layer": "Clipped", "path": "Point?crs=EPSG:3857&field=id:long(0,0)&field=left:double(0,0)&field=top:double(0,0)&field=right:double(0,0)&field=bottom:double(0,0)&field=row_index:long(0,0)&field=col_index:long(0,0)&uid={b9ce6ca6-180e-4a3c-a6ad-ac32b9f91f01}" }, "geometry": { "type": "Point", "coordinates": [ 102.409712444082601, -4.048787210690827 ] } },
{ "type": "Feature", "properties": { "id": 3394, "left": 11400190.478269707, "top": -451030.33083616628, "right": 11400195.478269707, "bottom": -451025.33083616628, "row_index": 33, "col_index": 42, "jenis": "durian", "layer": "Clipped", "path": "Point?crs=EPSG:3857&field=id:long(0,0)&field=left:double(0,0)&field=top:double(0,0)&field=right:double(0,0)&field=bottom:double(0,0)&field=row_index:long(0,0)&field=col_index:long(0,0)&uid={b9ce6ca6-180e-4a3c-a6ad-ac32b9f91f01}" }, "geometry": { "type": "Point", "coordinates": [ 102.409757359846807, -4.048383977582567 ] } },
{ "type": "Feature", "properties": { "id": 3395, "left": 11400190.478269707, "top": -451035.33083616628, "right": 11400195.478269707, "bottom": -451030.33083616628, "row_index": 34, "col_index": 42, "jenis": "durian", "layer": "Clipped", "path": "Point?crs=EPSG:3857&field=id:long(0,0)&field=left:double(0,0)&field=top:double(0,0)&field=right:double(0,0)&field=bottom:double(0,0)&field=row_index:long(0,0)&field=col_index:long(0,0)&uid={b9ce6ca6-180e-4a3c-a6ad-ac32b9f91f01}" }, "geometry": { "type": "Point", "coordinates": [ 102.409757359846807, -4.048428781271182 ] } },
{ "type": "Feature", "properties": { "id": 3396, "left": 11400190.478269707, "top": -451040.33083616628, "right": 11400195.478269707, "bottom": -451035.33083616628, "row_index": 35, "col_index": 42, "jenis": "durian", "layer": "Clipped", "path": "Point?crs=EPSG:3857&field=id:long(0,0)&field=left:double(0,0)&field=top:double(0,0)&field=right:double(0,0)&field=bottom:double(0,0)&field=row_index:long(0,0)&field=col_index:long(0,0)&uid={b9ce6ca6-180e-4a3c-a6ad-ac32b9f91f01}" }, "geometry": { "type": "Point", "coordinates": [ 102.409757359846807, -4.048473584957317 ] } },
{ "type": "Feature", "properties": { "id": 3397, "left": 11400190.478269707, "top": -451045.33083616628, "right": 11400195.478269707, "bottom": -451040.33083616628, "row_index": 36, "col_index": 42, "jenis": "durian", "layer": "Clipped", "path": "Point?crs=EPSG:3857&field=id:long(0,0)&field=left:double(0,0)&field=top:double(0,0)&field=right:double(0,0)&field=bottom:double(0,0)&field=row_index:long(0,0)&field=col_index:long(0,0)&uid={b9ce6ca6-180e-4a3c-a6ad-ac32b9f91f01}" }, "geometry": { "type": "Point", "coordinates": [ 102.409757359846807, -4.048518388640972 ] } },
{ "type": "Feature", "properties": { "id": 3398, "left": 11400190.478269707, "top": -451050.33083616628, "right": 11400195.478269707, "bottom": -451045.33083616628, "row_index": 37, "col_index": 42, "jenis": "durian", "layer": "Clipped", "path": "Point?crs=EPSG:3857&field=id:long(0,0)&field=left:double(0,0)&field=top:double(0,0)&field=right:double(0,0)&field=bottom:double(0,0)&field=row_index:long(0,0)&field=col_index:long(0,0)&uid={b9ce6ca6-180e-4a3c-a6ad-ac32b9f91f01}" }, "geometry": { "type": "Point", "coordinates": [ 102.409757359846807, -4.048563192322147 ] } },
{ "type": "Feature", "properties": { "id": 3399, "left": 11400190.478269707, "top": -451055.33083616628, "right": 11400195.478269707, "bottom": -451050.33083616628, "row_index": 38, "col_index": 42, "jenis": "durian", "layer": "Clipped", "path": "Point?crs=EPSG:3857&field=id:long(0,0)&field=left:double(0,0)&field=top:double(0,0)&field=right:double(0,0)&field=bottom:double(0,0)&field=row_index:long(0,0)&field=col_index:long(0,0)&uid={b9ce6ca6-180e-4a3c-a6ad-ac32b9f91f01}" }, "geometry": { "type": "Point", "coordinates": [ 102.409757359846807, -4.048607996000844 ] } },
{ "type": "Feature", "properties": { "id": 3400, "left": 11400190.478269707, "top": -451060.33083616628, "right": 11400195.478269707, "bottom": -451055.33083616628, "row_index": 39, "col_index": 42, "jenis": "durian", "layer": "Clipped", "path": "Point?crs=EPSG:3857&field=id:long(0,0)&field=left:double(0,0)&field=top:double(0,0)&field=right:double(0,0)&field=bottom:double(0,0)&field=row_index:long(0,0)&field=col_index:long(0,0)&uid={b9ce6ca6-180e-4a3c-a6ad-ac32b9f91f01}" }, "geometry": { "type": "Point", "coordinates": [ 102.409757359846807, -4.048652799677058 ] } },
{ "type": "Feature", "properties": { "id": 3401, "left": 11400190.478269707, "top": -451065.33083616628, "right": 11400195.478269707, "bottom": -451060.33083616628, "row_index": 40, "col_index": 42, "jenis": "durian", "layer": "Clipped", "path": "Point?crs=EPSG:3857&field=id:long(0,0)&field=left:double(0,0)&field=top:double(0,0)&field=right:double(0,0)&field=bottom:double(0,0)&field=row_index:long(0,0)&field=col_index:long(0,0)&uid={b9ce6ca6-180e-4a3c-a6ad-ac32b9f91f01}" }, "geometry": { "type": "Point", "coordinates": [ 102.409757359846807, -4.048697603350795 ] } },
{ "type": "Feature", "properties": { "id": 3402, "left": 11400190.478269707, "top": -451070.33083616628, "right": 11400195.478269707, "bottom": -451065.33083616628, "row_index": 41, "col_index": 42, "jenis": "durian", "layer": "Clipped", "path": "Point?crs=EPSG:3857&field=id:long(0,0)&field=left:double(0,0)&field=top:double(0,0)&field=right:double(0,0)&field=bottom:double(0,0)&field=row_index:long(0,0)&field=col_index:long(0,0)&uid={b9ce6ca6-180e-4a3c-a6ad-ac32b9f91f01}" }, "geometry": { "type": "Point", "coordinates": [ 102.409757359846807, -4.048742407022051 ] } },
{ "type": "Feature", "properties": { "id": 3403, "left": 11400190.478269707, "top": -451075.33083616628, "right": 11400195.478269707, "bottom": -451070.33083616628, "row_index": 42, "col_index": 42, "jenis": "durian", "layer": "Clipped", "path": "Point?crs=EPSG:3857&field=id:long(0,0)&field=left:double(0,0)&field=top:double(0,0)&field=right:double(0,0)&field=bottom:double(0,0)&field=row_index:long(0,0)&field=col_index:long(0,0)&uid={b9ce6ca6-180e-4a3c-a6ad-ac32b9f91f01}" }, "geometry": { "type": "Point", "coordinates": [ 102.409757359846807, -4.048787210690827 ] } },
{ "type": "Feature", "properties": { "id": 3475, "left": 11400195.478269707, "top": -451035.33083616628, "right": 11400200.478269707, "bottom": -451030.33083616628, "row_index": 34, "col_index": 43, "jenis": "durian", "layer": "Clipped", "path": "Point?crs=EPSG:3857&field=id:long(0,0)&field=left:double(0,0)&field=top:double(0,0)&field=right:double(0,0)&field=bottom:double(0,0)&field=row_index:long(0,0)&field=col_index:long(0,0)&uid={b9ce6ca6-180e-4a3c-a6ad-ac32b9f91f01}" }, "geometry": { "type": "Point", "coordinates": [ 102.409802275611014, -4.048428781271182 ] } },
{ "type": "Feature", "properties": { "id": 3476, "left": 11400195.478269707, "top": -451040.33083616628, "right": 11400200.478269707, "bottom": -451035.33083616628, "row_index": 35, "col_index": 43, "jenis": "durian", "layer": "Clipped", "path": "Point?crs=EPSG:3857&field=id:long(0,0)&field=left:double(0,0)&field=top:double(0,0)&field=right:double(0,0)&field=bottom:double(0,0)&field=row_index:long(0,0)&field=col_index:long(0,0)&uid={b9ce6ca6-180e-4a3c-a6ad-ac32b9f91f01}" }, "geometry": { "type": "Point", "coordinates": [ 102.409802275611014, -4.048473584957317 ] } },
{ "type": "Feature", "properties": { "id": 3477, "left": 11400195.478269707, "top": -451045.33083616628, "right": 11400200.478269707, "bottom": -451040.33083616628, "row_index": 36, "col_index": 43, "jenis": "durian", "layer": "Clipped", "path": "Point?crs=EPSG:3857&field=id:long(0,0)&field=left:double(0,0)&field=top:double(0,0)&field=right:double(0,0)&field=bottom:double(0,0)&field=row_index:long(0,0)&field=col_index:long(0,0)&uid={b9ce6ca6-180e-4a3c-a6ad-ac32b9f91f01}" }, "geometry": { "type": "Point", "coordinates": [ 102.409802275611014, -4.048518388640972 ] } },
{ "type": "Feature", "properties": { "id": 3478, "left": 11400195.478269707, "top": -451050.33083616628, "right": 11400200.478269707, "bottom": -451045.33083616628, "row_index": 37, "col_index": 43, "jenis": "durian", "layer": "Clipped", "path": "Point?crs=EPSG:3857&field=id:long(0,0)&field=left:double(0,0)&field=top:double(0,0)&field=right:double(0,0)&field=bottom:double(0,0)&field=row_index:long(0,0)&field=col_index:long(0,0)&uid={b9ce6ca6-180e-4a3c-a6ad-ac32b9f91f01}" }, "geometry": { "type": "Point", "coordinates": [ 102.409802275611014, -4.048563192322147 ] } },
{ "type": "Feature", "properties": { "id": 3479, "left": 11400195.478269707, "top": -451055.33083616628, "right": 11400200.478269707, "bottom": -451050.33083616628, "row_index": 38, "col_index": 43, "jenis": "durian", "layer": "Clipped", "path": "Point?crs=EPSG:3857&field=id:long(0,0)&field=left:double(0,0)&field=top:double(0,0)&field=right:double(0,0)&field=bottom:double(0,0)&field=row_index:long(0,0)&field=col_index:long(0,0)&uid={b9ce6ca6-180e-4a3c-a6ad-ac32b9f91f01}" }, "geometry": { "type": "Point", "coordinates": [ 102.409802275611014, -4.048607996000844 ] } },
{ "type": "Feature", "properties": { "id": 3480, "left": 11400195.478269707, "top": -451060.33083616628, "right": 11400200.478269707, "bottom": -451055.33083616628, "row_index": 39, "col_index": 43, "jenis": "durian", "layer": "Clipped", "path": "Point?crs=EPSG:3857&field=id:long(0,0)&field=left:double(0,0)&field=top:double(0,0)&field=right:double(0,0)&field=bottom:double(0,0)&field=row_index:long(0,0)&field=col_index:long(0,0)&uid={b9ce6ca6-180e-4a3c-a6ad-ac32b9f91f01}" }, "geometry": { "type": "Point", "coordinates": [ 102.409802275611014, -4.048652799677058 ] } },
{ "type": "Feature", "properties": { "id": 3481, "left": 11400195.478269707, "top": -451065.33083616628, "right": 11400200.478269707, "bottom": -451060.33083616628, "row_index": 40, "col_index": 43, "jenis": "durian", "layer": "Clipped", "path": "Point?crs=EPSG:3857&field=id:long(0,0)&field=left:double(0,0)&field=top:double(0,0)&field=right:double(0,0)&field=bottom:double(0,0)&field=row_index:long(0,0)&field=col_index:long(0,0)&uid={b9ce6ca6-180e-4a3c-a6ad-ac32b9f91f01}" }, "geometry": { "type": "Point", "coordinates": [ 102.409802275611014, -4.048697603350795 ] } },
{ "type": "Feature", "properties": { "id": 3482, "left": 11400195.478269707, "top": -451070.33083616628, "right": 11400200.478269707, "bottom": -451065.33083616628, "row_index": 41, "col_index": 43, "jenis": "durian", "layer": "Clipped", "path": "Point?crs=EPSG:3857&field=id:long(0,0)&field=left:double(0,0)&field=top:double(0,0)&field=right:double(0,0)&field=bottom:double(0,0)&field=row_index:long(0,0)&field=col_index:long(0,0)&uid={b9ce6ca6-180e-4a3c-a6ad-ac32b9f91f01}" }, "geometry": { "type": "Point", "coordinates": [ 102.409802275611014, -4.048742407022051 ] } },
{ "type": "Feature", "properties": { "id": 3483, "left": 11400195.478269707, "top": -451075.33083616628, "right": 11400200.478269707, "bottom": -451070.33083616628, "row_index": 42, "col_index": 43, "jenis": "durian", "layer": "Clipped", "path": "Point?crs=EPSG:3857&field=id:long(0,0)&field=left:double(0,0)&field=top:double(0,0)&field=right:double(0,0)&field=bottom:double(0,0)&field=row_index:long(0,0)&field=col_index:long(0,0)&uid={b9ce6ca6-180e-4a3c-a6ad-ac32b9f91f01}" }, "geometry": { "type": "Point", "coordinates": [ 102.409802275611014, -4.048787210690827 ] } },
{ "type": "Feature", "properties": { "id": 3556, "left": 11400200.478269707, "top": -451040.33083616628, "right": 11400205.478269707, "bottom": -451035.33083616628, "row_index": 35, "col_index": 44, "jenis": "durian", "layer": "Clipped", "path": "Point?crs=EPSG:3857&field=id:long(0,0)&field=left:double(0,0)&field=top:double(0,0)&field=right:double(0,0)&field=bottom:double(0,0)&field=row_index:long(0,0)&field=col_index:long(0,0)&uid={b9ce6ca6-180e-4a3c-a6ad-ac32b9f91f01}" }, "geometry": { "type": "Point", "coordinates": [ 102.409847191375221, -4.048473584957317 ] } },
{ "type": "Feature", "properties": { "id": 3557, "left": 11400200.478269707, "top": -451045.33083616628, "right": 11400205.478269707, "bottom": -451040.33083616628, "row_index": 36, "col_index": 44, "jenis": "durian", "layer": "Clipped", "path": "Point?crs=EPSG:3857&field=id:long(0,0)&field=left:double(0,0)&field=top:double(0,0)&field=right:double(0,0)&field=bottom:double(0,0)&field=row_index:long(0,0)&field=col_index:long(0,0)&uid={b9ce6ca6-180e-4a3c-a6ad-ac32b9f91f01}" }, "geometry": { "type": "Point", "coordinates": [ 102.409847191375221, -4.048518388640972 ] } },
{ "type": "Feature", "properties": { "id": 3558, "left": 11400200.478269707, "top": -451050.33083616628, "right": 11400205.478269707, "bottom": -451045.33083616628, "row_index": 37, "col_index": 44, "jenis": "durian", "layer": "Clipped", "path": "Point?crs=EPSG:3857&field=id:long(0,0)&field=left:double(0,0)&field=top:double(0,0)&field=right:double(0,0)&field=bottom:double(0,0)&field=row_index:long(0,0)&field=col_index:long(0,0)&uid={b9ce6ca6-180e-4a3c-a6ad-ac32b9f91f01}" }, "geometry": { "type": "Point", "coordinates": [ 102.409847191375221, -4.048563192322147 ] } },
{ "type": "Feature", "properties": { "id": 3559, "left": 11400200.478269707, "top": -451055.33083616628, "right": 11400205.478269707, "bottom": -451050.33083616628, "row_index": 38, "col_index": 44, "jenis": "durian", "layer": "Clipped", "path": "Point?crs=EPSG:3857&field=id:long(0,0)&field=left:double(0,0)&field=top:double(0,0)&field=right:double(0,0)&field=bottom:double(0,0)&field=row_index:long(0,0)&field=col_index:long(0,0)&uid={b9ce6ca6-180e-4a3c-a6ad-ac32b9f91f01}" }, "geometry": { "type": "Point", "coordinates": [ 102.409847191375221, -4.048607996000844 ] } },
{ "type": "Feature", "properties": { "id": 3560, "left": 11400200.478269707, "top": -451060.33083616628, "right": 11400205.478269707, "bottom": -451055.33083616628, "row_index": 39, "col_index": 44, "jenis": "durian", "layer": "Clipped", "path": "Point?crs=EPSG:3857&field=id:long(0,0)&field=left:double(0,0)&field=top:double(0,0)&field=right:double(0,0)&field=bottom:double(0,0)&field=row_index:long(0,0)&field=col_index:long(0,0)&uid={b9ce6ca6-180e-4a3c-a6ad-ac32b9f91f01}" }, "geometry": { "type": "Point", "coordinates": [ 102.409847191375221, -4.048652799677058 ] } },
{ "type": "Feature", "properties": { "id": 3561, "left": 11400200.478269707, "top": -451065.33083616628, "right": 11400205.478269707, "bottom": -451060.33083616628, "row_index": 40, "col_index": 44, "jenis": "durian", "layer": "Clipped", "path": "Point?crs=EPSG:3857&field=id:long(0,0)&field=left:double(0,0)&field=top:double(0,0)&field=right:double(0,0)&field=bottom:double(0,0)&field=row_index:long(0,0)&field=col_index:long(0,0)&uid={b9ce6ca6-180e-4a3c-a6ad-ac32b9f91f01}" }, "geometry": { "type": "Point", "coordinates": [ 102.409847191375221, -4.048697603350795 ] } },
{ "type": "Feature", "properties": { "id": 3562, "left": 11400200.478269707, "top": -451070.33083616628, "right": 11400205.478269707, "bottom": -451065.33083616628, "row_index": 41, "col_index": 44, "jenis": "durian", "layer": "Clipped", "path": "Point?crs=EPSG:3857&field=id:long(0,0)&field=left:double(0,0)&field=top:double(0,0)&field=right:double(0,0)&field=bottom:double(0,0)&field=row_index:long(0,0)&field=col_index:long(0,0)&uid={b9ce6ca6-180e-4a3c-a6ad-ac32b9f91f01}" }, "geometry": { "type": "Point", "coordinates": [ 102.409847191375221, -4.048742407022051 ] } },
{ "type": "Feature", "properties": { "id": 3563, "left": 11400200.478269707, "top": -451075.33083616628, "right": 11400205.478269707, "bottom": -451070.33083616628, "row_index": 42, "col_index": 44, "jenis": "durian", "layer": "Clipped", "path": "Point?crs=EPSG:3857&field=id:long(0,0)&field=left:double(0,0)&field=top:double(0,0)&field=right:double(0,0)&field=bottom:double(0,0)&field=row_index:long(0,0)&field=col_index:long(0,0)&uid={b9ce6ca6-180e-4a3c-a6ad-ac32b9f91f01}" }, "geometry": { "type": "Point", "coordinates": [ 102.409847191375221, -4.048787210690827 ] } },
{ "type": "Feature", "properties": { "id": 3564, "left": 11400200.478269707, "top": -451080.33083616628, "right": 11400205.478269707, "bottom": -451075.33083616628, "row_index": 43, "col_index": 44, "jenis": "durian", "layer": "Clipped", "path": "Point?crs=EPSG:3857&field=id:long(0,0)&field=left:double(0,0)&field=top:double(0,0)&field=right:double(0,0)&field=bottom:double(0,0)&field=row_index:long(0,0)&field=col_index:long(0,0)&uid={b9ce6ca6-180e-4a3c-a6ad-ac32b9f91f01}" }, "geometry": { "type": "Point", "coordinates": [ 102.409847191375221, -4.048832014357124 ] } },
{ "type": "Feature", "properties": { "id": 3636, "left": 11400205.478269707, "top": -451040.33083616628, "right": 11400210.478269707, "bottom": -451035.33083616628, "row_index": 35, "col_index": 45, "jenis": "durian", "layer": "Clipped", "path": "Point?crs=EPSG:3857&field=id:long(0,0)&field=left:double(0,0)&field=top:double(0,0)&field=right:double(0,0)&field=bottom:double(0,0)&field=row_index:long(0,0)&field=col_index:long(0,0)&uid={b9ce6ca6-180e-4a3c-a6ad-ac32b9f91f01}" }, "geometry": { "type": "Point", "coordinates": [ 102.409892107139427, -4.048473584957317 ] } },
{ "type": "Feature", "properties": { "id": 3637, "left": 11400205.478269707, "top": -451045.33083616628, "right": 11400210.478269707, "bottom": -451040.33083616628, "row_index": 36, "col_index": 45, "jenis": "durian", "layer": "Clipped", "path": "Point?crs=EPSG:3857&field=id:long(0,0)&field=left:double(0,0)&field=top:double(0,0)&field=right:double(0,0)&field=bottom:double(0,0)&field=row_index:long(0,0)&field=col_index:long(0,0)&uid={b9ce6ca6-180e-4a3c-a6ad-ac32b9f91f01}" }, "geometry": { "type": "Point", "coordinates": [ 102.409892107139427, -4.048518388640972 ] } },
{ "type": "Feature", "properties": { "id": 3638, "left": 11400205.478269707, "top": -451050.33083616628, "right": 11400210.478269707, "bottom": -451045.33083616628, "row_index": 37, "col_index": 45, "jenis": "durian", "layer": "Clipped", "path": "Point?crs=EPSG:3857&field=id:long(0,0)&field=left:double(0,0)&field=top:double(0,0)&field=right:double(0,0)&field=bottom:double(0,0)&field=row_index:long(0,0)&field=col_index:long(0,0)&uid={b9ce6ca6-180e-4a3c-a6ad-ac32b9f91f01}" }, "geometry": { "type": "Point", "coordinates": [ 102.409892107139427, -4.048563192322147 ] } },
{ "type": "Feature", "properties": { "id": 3639, "left": 11400205.478269707, "top": -451055.33083616628, "right": 11400210.478269707, "bottom": -451050.33083616628, "row_index": 38, "col_index": 45, "jenis": "durian", "layer": "Clipped", "path": "Point?crs=EPSG:3857&field=id:long(0,0)&field=left:double(0,0)&field=top:double(0,0)&field=right:double(0,0)&field=bottom:double(0,0)&field=row_index:long(0,0)&field=col_index:long(0,0)&uid={b9ce6ca6-180e-4a3c-a6ad-ac32b9f91f01}" }, "geometry": { "type": "Point", "coordinates": [ 102.409892107139427, -4.048607996000844 ] } },
{ "type": "Feature", "properties": { "id": 3640, "left": 11400205.478269707, "top": -451060.33083616628, "right": 11400210.478269707, "bottom": -451055.33083616628, "row_index": 39, "col_index": 45, "jenis": "durian", "layer": "Clipped", "path": "Point?crs=EPSG:3857&field=id:long(0,0)&field=left:double(0,0)&field=top:double(0,0)&field=right:double(0,0)&field=bottom:double(0,0)&field=row_index:long(0,0)&field=col_index:long(0,0)&uid={b9ce6ca6-180e-4a3c-a6ad-ac32b9f91f01}" }, "geometry": { "type": "Point", "coordinates": [ 102.409892107139427, -4.048652799677058 ] } },
{ "type": "Feature", "properties": { "id": 3641, "left": 11400205.478269707, "top": -451065.33083616628, "right": 11400210.478269707, "bottom": -451060.33083616628, "row_index": 40, "col_index": 45, "jenis": "durian", "layer": "Clipped", "path": "Point?crs=EPSG:3857&field=id:long(0,0)&field=left:double(0,0)&field=top:double(0,0)&field=right:double(0,0)&field=bottom:double(0,0)&field=row_index:long(0,0)&field=col_index:long(0,0)&uid={b9ce6ca6-180e-4a3c-a6ad-ac32b9f91f01}" }, "geometry": { "type": "Point", "coordinates": [ 102.409892107139427, -4.048697603350795 ] } },
{ "type": "Feature", "properties": { "id": 3642, "left": 11400205.478269707, "top": -451070.33083616628, "right": 11400210.478269707, "bottom": -451065.33083616628, "row_index": 41, "col_index": 45, "jenis": "durian", "layer": "Clipped", "path": "Point?crs=EPSG:3857&field=id:long(0,0)&field=left:double(0,0)&field=top:double(0,0)&field=right:double(0,0)&field=bottom:double(0,0)&field=row_index:long(0,0)&field=col_index:long(0,0)&uid={b9ce6ca6-180e-4a3c-a6ad-ac32b9f91f01}" }, "geometry": { "type": "Point", "coordinates": [ 102.409892107139427, -4.048742407022051 ] } },
{ "type": "Feature", "properties": { "id": 3717, "left": 11400210.478269707, "top": -451045.33083616628, "right": 11400215.478269707, "bottom": -451040.33083616628, "row_index": 36, "col_index": 46, "jenis": "durian", "layer": "Clipped", "path": "Point?crs=EPSG:3857&field=id:long(0,0)&field=left:double(0,0)&field=top:double(0,0)&field=right:double(0,0)&field=bottom:double(0,0)&field=row_index:long(0,0)&field=col_index:long(0,0)&uid={b9ce6ca6-180e-4a3c-a6ad-ac32b9f91f01}" }, "geometry": { "type": "Point", "coordinates": [ 102.409937022903634, -4.048518388640972 ] } },
{ "type": "Feature", "properties": { "id": 3718, "left": 11400210.478269707, "top": -451050.33083616628, "right": 11400215.478269707, "bottom": -451045.33083616628, "row_index": 37, "col_index": 46, "jenis": "durian", "layer": "Clipped", "path": "Point?crs=EPSG:3857&field=id:long(0,0)&field=left:double(0,0)&field=top:double(0,0)&field=right:double(0,0)&field=bottom:double(0,0)&field=row_index:long(0,0)&field=col_index:long(0,0)&uid={b9ce6ca6-180e-4a3c-a6ad-ac32b9f91f01}" }, "geometry": { "type": "Point", "coordinates": [ 102.409937022903634, -4.048563192322147 ] } },
{ "type": "Feature", "properties": { "id": 3719, "left": 11400210.478269707, "top": -451055.33083616628, "right": 11400215.478269707, "bottom": -451050.33083616628, "row_index": 38, "col_index": 46, "jenis": "durian", "layer": "Clipped", "path": "Point?crs=EPSG:3857&field=id:long(0,0)&field=left:double(0,0)&field=top:double(0,0)&field=right:double(0,0)&field=bottom:double(0,0)&field=row_index:long(0,0)&field=col_index:long(0,0)&uid={b9ce6ca6-180e-4a3c-a6ad-ac32b9f91f01}" }, "geometry": { "type": "Point", "coordinates": [ 102.409937022903634, -4.048607996000844 ] } },
{ "type": "Feature", "properties": { "id": 3797, "left": 11400215.478269707, "top": -451045.33083616628, "right": 11400220.478269707, "bottom": -451040.33083616628, "row_index": 36, "col_index": 47, "jenis": "durian", "layer": "Clipped", "path": "Point?crs=EPSG:3857&field=id:long(0,0)&field=left:double(0,0)&field=top:double(0,0)&field=right:double(0,0)&field=bottom:double(0,0)&field=row_index:long(0,0)&field=col_index:long(0,0)&uid={b9ce6ca6-180e-4a3c-a6ad-ac32b9f91f01}" }, "geometry": { "type": "Point", "coordinates": [ 102.40998193866784, -4.048518388640972 ] } },
{ "type": "Feature", "properties": { "id": 3798, "left": 11400215.478269707, "top": -451050.33083616628, "right": 11400220.478269707, "bottom": -451045.33083616628, "row_index": 37, "col_index": 47, "jenis": "durian", "layer": "Clipped", "path": "Point?crs=EPSG:3857&field=id:long(0,0)&field=left:double(0,0)&field=top:double(0,0)&field=right:double(0,0)&field=bottom:double(0,0)&field=row_index:long(0,0)&field=col_index:long(0,0)&uid={b9ce6ca6-180e-4a3c-a6ad-ac32b9f91f01}" }, "geometry": { "type": "Point", "coordinates": [ 102.40998193866784, -4.048563192322147 ] } },
{ "type": "Feature", "properties": { "id": 3799, "left": 11400215.478269707, "top": -451055.33083616628, "right": 11400220.478269707, "bottom": -451050.33083616628, "row_index": 38, "col_index": 47, "jenis": "durian", "layer": "Clipped", "path": "Point?crs=EPSG:3857&field=id:long(0,0)&field=left:double(0,0)&field=top:double(0,0)&field=right:double(0,0)&field=bottom:double(0,0)&field=row_index:long(0,0)&field=col_index:long(0,0)&uid={b9ce6ca6-180e-4a3c-a6ad-ac32b9f91f01}" }, "geometry": { "type": "Point", "coordinates": [ 102.40998193866784, -4.048607996000844 ] } },
{ "type": "Feature", "properties": { "id": 3800, "left": 11400215.478269707, "top": -451060.33083616628, "right": 11400220.478269707, "bottom": -451055.33083616628, "row_index": 39, "col_index": 47, "jenis": "durian", "layer": "Clipped", "path": "Point?crs=EPSG:3857&field=id:long(0,0)&field=left:double(0,0)&field=top:double(0,0)&field=right:double(0,0)&field=bottom:double(0,0)&field=row_index:long(0,0)&field=col_index:long(0,0)&uid={b9ce6ca6-180e-4a3c-a6ad-ac32b9f91f01}" }, "geometry": { "type": "Point", "coordinates": [ 102.40998193866784, -4.048652799677058 ] } },
{ "type": "Feature", "properties": { "id": 3878, "left": 11400220.478269707, "top": -451050.33083616628, "right": 11400225.478269707, "bottom": -451045.33083616628, "row_index": 37, "col_index": 48, "jenis": "durian", "layer": "Clipped", "path": "Point?crs=EPSG:3857&field=id:long(0,0)&field=left:double(0,0)&field=top:double(0,0)&field=right:double(0,0)&field=bottom:double(0,0)&field=row_index:long(0,0)&field=col_index:long(0,0)&uid={b9ce6ca6-180e-4a3c-a6ad-ac32b9f91f01}" }, "geometry": { "type": "Point", "coordinates": [ 102.410026854432033, -4.048563192322147 ] } },
{ "type": "Feature", "properties": { "id": 3879, "left": 11400220.478269707, "top": -451055.33083616628, "right": 11400225.478269707, "bottom": -451050.33083616628, "row_index": 38, "col_index": 48, "jenis": "durian", "layer": "Clipped", "path": "Point?crs=EPSG:3857&field=id:long(0,0)&field=left:double(0,0)&field=top:double(0,0)&field=right:double(0,0)&field=bottom:double(0,0)&field=row_index:long(0,0)&field=col_index:long(0,0)&uid={b9ce6ca6-180e-4a3c-a6ad-ac32b9f91f01}" }, "geometry": { "type": "Point", "coordinates": [ 102.410026854432033, -4.048607996000844 ] } },
{ "type": "Feature", "properties": { "id": 3880, "left": 11400220.478269707, "top": -451060.33083616628, "right": 11400225.478269707, "bottom": -451055.33083616628, "row_index": 39, "col_index": 48, "jenis": "durian", "layer": "Clipped", "path": "Point?crs=EPSG:3857&field=id:long(0,0)&field=left:double(0,0)&field=top:double(0,0)&field=right:double(0,0)&field=bottom:double(0,0)&field=row_index:long(0,0)&field=col_index:long(0,0)&uid={b9ce6ca6-180e-4a3c-a6ad-ac32b9f91f01}" }, "geometry": { "type": "Point", "coordinates": [ 102.410026854432033, -4.048652799677058 ] } },
{ "type": "Feature", "properties": { "id": 3958, "left": 11400225.478269707, "top": -451050.33083616628, "right": 11400230.478269707, "bottom": -451045.33083616628, "row_index": 37, "col_index": 49, "jenis": "durian", "layer": "Clipped", "path": "Point?crs=EPSG:3857&field=id:long(0,0)&field=left:double(0,0)&field=top:double(0,0)&field=right:double(0,0)&field=bottom:double(0,0)&field=row_index:long(0,0)&field=col_index:long(0,0)&uid={b9ce6ca6-180e-4a3c-a6ad-ac32b9f91f01}" }, "geometry": { "type": "Point", "coordinates": [ 102.41007177019624, -4.048563192322147 ] } },
{ "type": "Feature", "properties": { "id": 3959, "left": 11400225.478269707, "top": -451055.33083616628, "right": 11400230.478269707, "bottom": -451050.33083616628, "row_index": 38, "col_index": 49, "jenis": "durian", "layer": "Clipped", "path": "Point?crs=EPSG:3857&field=id:long(0,0)&field=left:double(0,0)&field=top:double(0,0)&field=right:double(0,0)&field=bottom:double(0,0)&field=row_index:long(0,0)&field=col_index:long(0,0)&uid={b9ce6ca6-180e-4a3c-a6ad-ac32b9f91f01}" }, "geometry": { "type": "Point", "coordinates": [ 102.41007177019624, -4.048607996000844 ] } },
{ "type": "Feature", "properties": { "id": 3960, "left": 11400225.478269707, "top": -451060.33083616628, "right": 11400230.478269707, "bottom": -451055.33083616628, "row_index": 39, "col_index": 49, "jenis": "durian", "layer": "Clipped", "path": "Point?crs=EPSG:3857&field=id:long(0,0)&field=left:double(0,0)&field=top:double(0,0)&field=right:double(0,0)&field=bottom:double(0,0)&field=row_index:long(0,0)&field=col_index:long(0,0)&uid={b9ce6ca6-180e-4a3c-a6ad-ac32b9f91f01}" }, "geometry": { "type": "Point", "coordinates": [ 102.41007177019624, -4.048652799677058 ] } },
{ "type": "Feature", "properties": { "id": 4038, "left": 11400230.478269707, "top": -451050.33083616628, "right": 11400235.478269707, "bottom": -451045.33083616628, "row_index": 37, "col_index": 50, "jenis": "durian", "layer": "Clipped", "path": "Point?crs=EPSG:3857&field=id:long(0,0)&field=left:double(0,0)&field=top:double(0,0)&field=right:double(0,0)&field=bottom:double(0,0)&field=row_index:long(0,0)&field=col_index:long(0,0)&uid={b9ce6ca6-180e-4a3c-a6ad-ac32b9f91f01}" }, "geometry": { "type": "Point", "coordinates": [ 102.410116685960446, -4.048563192322147 ] } },
{ "type": "Feature", "properties": { "id": 4039, "left": 11400230.478269707, "top": -451055.33083616628, "right": 11400235.478269707, "bottom": -451050.33083616628, "row_index": 38, "col_index": 50, "jenis": "durian", "layer": "Clipped", "path": "Point?crs=EPSG:3857&field=id:long(0,0)&field=left:double(0,0)&field=top:double(0,0)&field=right:double(0,0)&field=bottom:double(0,0)&field=row_index:long(0,0)&field=col_index:long(0,0)&uid={b9ce6ca6-180e-4a3c-a6ad-ac32b9f91f01}" }, "geometry": { "type": "Point", "coordinates": [ 102.410116685960446, -4.048607996000844 ] } },
{ "type": "Feature", "properties": { "id": 4040, "left": 11400230.478269707, "top": -451060.33083616628, "right": 11400235.478269707, "bottom": -451055.33083616628, "row_index": 39, "col_index": 50, "jenis": "durian", "layer": "Clipped", "path": "Point?crs=EPSG:3857&field=id:long(0,0)&field=left:double(0,0)&field=top:double(0,0)&field=right:double(0,0)&field=bottom:double(0,0)&field=row_index:long(0,0)&field=col_index:long(0,0)&uid={b9ce6ca6-180e-4a3c-a6ad-ac32b9f91f01}" }, "geometry": { "type": "Point", "coordinates": [ 102.410116685960446, -4.048652799677058 ] } },
{ "type": "Feature", "properties": { "id": 4119, "left": 11400235.478269707, "top": -451055.33083616628, "right": 11400240.478269707, "bottom": -451050.33083616628, "row_index": 38, "col_index": 51, "jenis": "durian", "layer": "Clipped", "path": "Point?crs=EPSG:3857&field=id:long(0,0)&field=left:double(0,0)&field=top:double(0,0)&field=right:double(0,0)&field=bottom:double(0,0)&field=row_index:long(0,0)&field=col_index:long(0,0)&uid={b9ce6ca6-180e-4a3c-a6ad-ac32b9f91f01}" }, "geometry": { "type": "Point", "coordinates": [ 102.410161601724653, -4.048607996000844 ] } },
{ "type": "Feature", "properties": { "id": 55, "left": 11400139.370455341, "top": -451057.08934295276, "right": 11400144.370455341, "bottom": -451052.08934295276, "row_index": 20, "col_index": 1, "jenis": "palm", "layer": "Clipped", "path": "Point?crs=EPSG:3857&field=id:long(0,0)&field=left:double(0,0)&field=top:double(0,0)&field=right:double(0,0)&field=bottom:double(0,0)&field=row_index:long(0,0)&field=col_index:long(0,0)&uid={bed13eea-f93b-4840-814e-e7b24049091d}" }, "geometry": { "type": "Point", "coordinates": [ 102.409194375727324, -4.048541575627945 ] } },
{ "type": "Feature", "properties": { "id": 56, "left": 11400139.370455341, "top": -451062.08934295276, "right": 11400144.370455341, "bottom": -451057.08934295276, "row_index": 21, "col_index": 1, "jenis": "palm", "layer": "Clipped", "path": "Point?crs=EPSG:3857&field=id:long(0,0)&field=left:double(0,0)&field=top:double(0,0)&field=right:double(0,0)&field=bottom:double(0,0)&field=row_index:long(0,0)&field=col_index:long(0,0)&uid={bed13eea-f93b-4840-814e-e7b24049091d}" }, "geometry": { "type": "Point", "coordinates": [ 102.409194375727324, -4.048586379307837 ] } },
{ "type": "Feature", "properties": { "id": 57, "left": 11400139.370455341, "top": -451067.08934295276, "right": 11400144.370455341, "bottom": -451062.08934295276, "row_index": 22, "col_index": 1, "jenis": "palm", "layer": "Clipped", "path": "Point?crs=EPSG:3857&field=id:long(0,0)&field=left:double(0,0)&field=top:double(0,0)&field=right:double(0,0)&field=bottom:double(0,0)&field=row_index:long(0,0)&field=col_index:long(0,0)&uid={bed13eea-f93b-4840-814e-e7b24049091d}" }, "geometry": { "type": "Point", "coordinates": [ 102.409194375727324, -4.048631182985249 ] } },
{ "type": "Feature", "properties": { "id": 58, "left": 11400139.370455341, "top": -451072.08934295276, "right": 11400144.370455341, "bottom": -451067.08934295276, "row_index": 23, "col_index": 1, "jenis": "palm", "layer": "Clipped", "path": "Point?crs=EPSG:3857&field=id:long(0,0)&field=left:double(0,0)&field=top:double(0,0)&field=right:double(0,0)&field=bottom:double(0,0)&field=row_index:long(0,0)&field=col_index:long(0,0)&uid={bed13eea-f93b-4840-814e-e7b24049091d}" }, "geometry": { "type": "Point", "coordinates": [ 102.409194375727324, -4.048675986660182 ] } },
{ "type": "Feature", "properties": { "id": 87, "left": 11400144.370455341, "top": -451047.08934295276, "right": 11400149.370455341, "bottom": -451042.08934295276, "row_index": 18, "col_index": 2, "jenis": "palm", "layer": "Clipped", "path": "Point?crs=EPSG:3857&field=id:long(0,0)&field=left:double(0,0)&field=top:double(0,0)&field=right:double(0,0)&field=bottom:double(0,0)&field=row_index:long(0,0)&field=col_index:long(0,0)&uid={bed13eea-f93b-4840-814e-e7b24049091d}" }, "geometry": { "type": "Point", "coordinates": [ 102.409239291491517, -4.048451968260722 ] } },
{ "type": "Feature", "properties": { "id": 88, "left": 11400144.370455341, "top": -451052.08934295276, "right": 11400149.370455341, "bottom": -451047.08934295276, "row_index": 19, "col_index": 2, "jenis": "palm", "layer": "Clipped", "path": "Point?crs=EPSG:3857&field=id:long(0,0)&field=left:double(0,0)&field=top:double(0,0)&field=right:double(0,0)&field=bottom:double(0,0)&field=row_index:long(0,0)&field=col_index:long(0,0)&uid={bed13eea-f93b-4840-814e-e7b24049091d}" }, "geometry": { "type": "Point", "coordinates": [ 102.409239291491517, -4.048496771945573 ] } },
{ "type": "Feature", "properties": { "id": 89, "left": 11400144.370455341, "top": -451057.08934295276, "right": 11400149.370455341, "bottom": -451052.08934295276, "row_index": 20, "col_index": 2, "jenis": "palm", "layer": "Clipped", "path": "Point?crs=EPSG:3857&field=id:long(0,0)&field=left:double(0,0)&field=top:double(0,0)&field=right:double(0,0)&field=bottom:double(0,0)&field=row_index:long(0,0)&field=col_index:long(0,0)&uid={bed13eea-f93b-4840-814e-e7b24049091d}" }, "geometry": { "type": "Point", "coordinates": [ 102.409239291491517, -4.048541575627945 ] } },
{ "type": "Feature", "properties": { "id": 90, "left": 11400144.370455341, "top": -451062.08934295276, "right": 11400149.370455341, "bottom": -451057.08934295276, "row_index": 21, "col_index": 2, "jenis": "palm", "layer": "Clipped", "path": "Point?crs=EPSG:3857&field=id:long(0,0)&field=left:double(0,0)&field=top:double(0,0)&field=right:double(0,0)&field=bottom:double(0,0)&field=row_index:long(0,0)&field=col_index:long(0,0)&uid={bed13eea-f93b-4840-814e-e7b24049091d}" }, "geometry": { "type": "Point", "coordinates": [ 102.409239291491517, -4.048586379307837 ] } },
{ "type": "Feature", "properties": { "id": 91, "left": 11400144.370455341, "top": -451067.08934295276, "right": 11400149.370455341, "bottom": -451062.08934295276, "row_index": 22, "col_index": 2, "jenis": "palm", "layer": "Clipped", "path": "Point?crs=EPSG:3857&field=id:long(0,0)&field=left:double(0,0)&field=top:double(0,0)&field=right:double(0,0)&field=bottom:double(0,0)&field=row_index:long(0,0)&field=col_index:long(0,0)&uid={bed13eea-f93b-4840-814e-e7b24049091d}" }, "geometry": { "type": "Point", "coordinates": [ 102.409239291491517, -4.048631182985249 ] } },
{ "type": "Feature", "properties": { "id": 92, "left": 11400144.370455341, "top": -451072.08934295276, "right": 11400149.370455341, "bottom": -451067.08934295276, "row_index": 23, "col_index": 2, "jenis": "palm", "layer": "Clipped", "path": "Point?crs=EPSG:3857&field=id:long(0,0)&field=left:double(0,0)&field=top:double(0,0)&field=right:double(0,0)&field=bottom:double(0,0)&field=row_index:long(0,0)&field=col_index:long(0,0)&uid={bed13eea-f93b-4840-814e-e7b24049091d}" }, "geometry": { "type": "Point", "coordinates": [ 102.409239291491517, -4.048675986660182 ] } },
{ "type": "Feature", "properties": { "id": 93, "left": 11400144.370455341, "top": -451077.08934295276, "right": 11400149.370455341, "bottom": -451072.08934295276, "row_index": 24, "col_index": 2, "jenis": "palm", "layer": "Clipped", "path": "Point?crs=EPSG:3857&field=id:long(0,0)&field=left:double(0,0)&field=top:double(0,0)&field=right:double(0,0)&field=bottom:double(0,0)&field=row_index:long(0,0)&field=col_index:long(0,0)&uid={bed13eea-f93b-4840-814e-e7b24049091d}" }, "geometry": { "type": "Point", "coordinates": [ 102.409239291491517, -4.048720790332635 ] } },
{ "type": "Feature", "properties": { "id": 94, "left": 11400144.370455341, "top": -451082.08934295276, "right": 11400149.370455341, "bottom": -451077.08934295276, "row_index": 25, "col_index": 2, "jenis": "palm", "layer": "Clipped", "path": "Point?crs=EPSG:3857&field=id:long(0,0)&field=left:double(0,0)&field=top:double(0,0)&field=right:double(0,0)&field=bottom:double(0,0)&field=row_index:long(0,0)&field=col_index:long(0,0)&uid={bed13eea-f93b-4840-814e-e7b24049091d}" }, "geometry": { "type": "Point", "coordinates": [ 102.409239291491517, -4.048765594002607 ] } },
{ "type": "Feature", "properties": { "id": 99, "left": 11400144.370455341, "top": -451107.08934295276, "right": 11400149.370455341, "bottom": -451102.08934295276, "row_index": 30, "col_index": 2, "jenis": "palm", "layer": "Clipped", "path": "Point?crs=EPSG:3857&field=id:long(0,0)&field=left:double(0,0)&field=top:double(0,0)&field=right:double(0,0)&field=bottom:double(0,0)&field=row_index:long(0,0)&field=col_index:long(0,0)&uid={bed13eea-f93b-4840-814e-e7b24049091d}" }, "geometry": { "type": "Point", "coordinates": [ 102.409239291491517, -4.048989612315274 ] } },
{ "type": "Feature", "properties": { "id": 118, "left": 11400149.370455341, "top": -451032.08934295276, "right": 11400154.370455341, "bottom": -451027.08934295276, "row_index": 15, "col_index": 3, "jenis": "palm", "layer": "Clipped", "path": "Point?crs=EPSG:3857&field=id:long(0,0)&field=left:double(0,0)&field=top:double(0,0)&field=right:double(0,0)&field=bottom:double(0,0)&field=row_index:long(0,0)&field=col_index:long(0,0)&uid={bed13eea-f93b-4840-814e-e7b24049091d}" }, "geometry": { "type": "Point", "coordinates": [ 102.409284207255723, -4.04831755719129 ] } },
{ "type": "Feature", "properties": { "id": 119, "left": 11400149.370455341, "top": -451037.08934295276, "right": 11400154.370455341, "bottom": -451032.08934295276, "row_index": 16, "col_index": 3, "jenis": "palm", "layer": "Clipped", "path": "Point?crs=EPSG:3857&field=id:long(0,0)&field=left:double(0,0)&field=top:double(0,0)&field=right:double(0,0)&field=bottom:double(0,0)&field=row_index:long(0,0)&field=col_index:long(0,0)&uid={bed13eea-f93b-4840-814e-e7b24049091d}" }, "geometry": { "type": "Point", "coordinates": [ 102.409284207255723, -4.04836236088358 ] } },
{ "type": "Feature", "properties": { "id": 120, "left": 11400149.370455341, "top": -451042.08934295276, "right": 11400154.370455341, "bottom": -451037.08934295276, "row_index": 17, "col_index": 3, "jenis": "palm", "layer": "Clipped", "path": "Point?crs=EPSG:3857&field=id:long(0,0)&field=left:double(0,0)&field=top:double(0,0)&field=right:double(0,0)&field=bottom:double(0,0)&field=row_index:long(0,0)&field=col_index:long(0,0)&uid={bed13eea-f93b-4840-814e-e7b24049091d}" }, "geometry": { "type": "Point", "coordinates": [ 102.409284207255723, -4.048407164573391 ] } },
{ "type": "Feature", "properties": { "id": 121, "left": 11400149.370455341, "top": -451047.08934295276, "right": 11400154.370455341, "bottom": -451042.08934295276, "row_index": 18, "col_index": 3, "jenis": "palm", "layer": "Clipped", "path": "Point?crs=EPSG:3857&field=id:long(0,0)&field=left:double(0,0)&field=top:double(0,0)&field=right:double(0,0)&field=bottom:double(0,0)&field=row_index:long(0,0)&field=col_index:long(0,0)&uid={bed13eea-f93b-4840-814e-e7b24049091d}" }, "geometry": { "type": "Point", "coordinates": [ 102.409284207255723, -4.048451968260722 ] } },
{ "type": "Feature", "properties": { "id": 122, "left": 11400149.370455341, "top": -451052.08934295276, "right": 11400154.370455341, "bottom": -451047.08934295276, "row_index": 19, "col_index": 3, "jenis": "palm", "layer": "Clipped", "path": "Point?crs=EPSG:3857&field=id:long(0,0)&field=left:double(0,0)&field=top:double(0,0)&field=right:double(0,0)&field=bottom:double(0,0)&field=row_index:long(0,0)&field=col_index:long(0,0)&uid={bed13eea-f93b-4840-814e-e7b24049091d}" }, "geometry": { "type": "Point", "coordinates": [ 102.409284207255723, -4.048496771945573 ] } },
{ "type": "Feature", "properties": { "id": 123, "left": 11400149.370455341, "top": -451057.08934295276, "right": 11400154.370455341, "bottom": -451052.08934295276, "row_index": 20, "col_index": 3, "jenis": "palm", "layer": "Clipped", "path": "Point?crs=EPSG:3857&field=id:long(0,0)&field=left:double(0,0)&field=top:double(0,0)&field=right:double(0,0)&field=bottom:double(0,0)&field=row_index:long(0,0)&field=col_index:long(0,0)&uid={bed13eea-f93b-4840-814e-e7b24049091d}" }, "geometry": { "type": "Point", "coordinates": [ 102.409284207255723, -4.048541575627945 ] } },
{ "type": "Feature", "properties": { "id": 124, "left": 11400149.370455341, "top": -451062.08934295276, "right": 11400154.370455341, "bottom": -451057.08934295276, "row_index": 21, "col_index": 3, "jenis": "palm", "layer": "Clipped", "path": "Point?crs=EPSG:3857&field=id:long(0,0)&field=left:double(0,0)&field=top:double(0,0)&field=right:double(0,0)&field=bottom:double(0,0)&field=row_index:long(0,0)&field=col_index:long(0,0)&uid={bed13eea-f93b-4840-814e-e7b24049091d}" }, "geometry": { "type": "Point", "coordinates": [ 102.409284207255723, -4.048586379307837 ] } },
{ "type": "Feature", "properties": { "id": 125, "left": 11400149.370455341, "top": -451067.08934295276, "right": 11400154.370455341, "bottom": -451062.08934295276, "row_index": 22, "col_index": 3, "jenis": "palm", "layer": "Clipped", "path": "Point?crs=EPSG:3857&field=id:long(0,0)&field=left:double(0,0)&field=top:double(0,0)&field=right:double(0,0)&field=bottom:double(0,0)&field=row_index:long(0,0)&field=col_index:long(0,0)&uid={bed13eea-f93b-4840-814e-e7b24049091d}" }, "geometry": { "type": "Point", "coordinates": [ 102.409284207255723, -4.048631182985249 ] } },
{ "type": "Feature", "properties": { "id": 126, "left": 11400149.370455341, "top": -451072.08934295276, "right": 11400154.370455341, "bottom": -451067.08934295276, "row_index": 23, "col_index": 3, "jenis": "palm", "layer": "Clipped", "path": "Point?crs=EPSG:3857&field=id:long(0,0)&field=left:double(0,0)&field=top:double(0,0)&field=right:double(0,0)&field=bottom:double(0,0)&field=row_index:long(0,0)&field=col_index:long(0,0)&uid={bed13eea-f93b-4840-814e-e7b24049091d}" }, "geometry": { "type": "Point", "coordinates": [ 102.409284207255723, -4.048675986660182 ] } },
{ "type": "Feature", "properties": { "id": 127, "left": 11400149.370455341, "top": -451077.08934295276, "right": 11400154.370455341, "bottom": -451072.08934295276, "row_index": 24, "col_index": 3, "jenis": "palm", "layer": "Clipped", "path": "Point?crs=EPSG:3857&field=id:long(0,0)&field=left:double(0,0)&field=top:double(0,0)&field=right:double(0,0)&field=bottom:double(0,0)&field=row_index:long(0,0)&field=col_index:long(0,0)&uid={bed13eea-f93b-4840-814e-e7b24049091d}" }, "geometry": { "type": "Point", "coordinates": [ 102.409284207255723, -4.048720790332635 ] } },
{ "type": "Feature", "properties": { "id": 128, "left": 11400149.370455341, "top": -451082.08934295276, "right": 11400154.370455341, "bottom": -451077.08934295276, "row_index": 25, "col_index": 3, "jenis": "palm", "layer": "Clipped", "path": "Point?crs=EPSG:3857&field=id:long(0,0)&field=left:double(0,0)&field=top:double(0,0)&field=right:double(0,0)&field=bottom:double(0,0)&field=row_index:long(0,0)&field=col_index:long(0,0)&uid={bed13eea-f93b-4840-814e-e7b24049091d}" }, "geometry": { "type": "Point", "coordinates": [ 102.409284207255723, -4.048765594002607 ] } },
{ "type": "Feature", "properties": { "id": 129, "left": 11400149.370455341, "top": -451087.08934295276, "right": 11400154.370455341, "bottom": -451082.08934295276, "row_index": 26, "col_index": 3, "jenis": "palm", "layer": "Clipped", "path": "Point?crs=EPSG:3857&field=id:long(0,0)&field=left:double(0,0)&field=top:double(0,0)&field=right:double(0,0)&field=bottom:double(0,0)&field=row_index:long(0,0)&field=col_index:long(0,0)&uid={bed13eea-f93b-4840-814e-e7b24049091d}" }, "geometry": { "type": "Point", "coordinates": [ 102.409284207255723, -4.048810397670101 ] } },
{ "type": "Feature", "properties": { "id": 132, "left": 11400149.370455341, "top": -451102.08934295276, "right": 11400154.370455341, "bottom": -451097.08934295276, "row_index": 29, "col_index": 3, "jenis": "palm", "layer": "Clipped", "path": "Point?crs=EPSG:3857&field=id:long(0,0)&field=left:double(0,0)&field=top:double(0,0)&field=right:double(0,0)&field=bottom:double(0,0)&field=row_index:long(0,0)&field=col_index:long(0,0)&uid={bed13eea-f93b-4840-814e-e7b24049091d}" }, "geometry": { "type": "Point", "coordinates": [ 102.409284207255723, -4.0489448086577 ] } },
{ "type": "Feature", "properties": { "id": 133, "left": 11400149.370455341, "top": -451107.08934295276, "right": 11400154.370455341, "bottom": -451102.08934295276, "row_index": 30, "col_index": 3, "jenis": "palm", "layer": "Clipped", "path": "Point?crs=EPSG:3857&field=id:long(0,0)&field=left:double(0,0)&field=top:double(0,0)&field=right:double(0,0)&field=bottom:double(0,0)&field=row_index:long(0,0)&field=col_index:long(0,0)&uid={bed13eea-f93b-4840-814e-e7b24049091d}" }, "geometry": { "type": "Point", "coordinates": [ 102.409284207255723, -4.048989612315274 ] } },
{ "type": "Feature", "properties": { "id": 134, "left": 11400149.370455341, "top": -451112.08934295276, "right": 11400154.370455341, "bottom": -451107.08934295276, "row_index": 31, "col_index": 3, "jenis": "palm", "layer": "Clipped", "path": "Point?crs=EPSG:3857&field=id:long(0,0)&field=left:double(0,0)&field=top:double(0,0)&field=right:double(0,0)&field=bottom:double(0,0)&field=row_index:long(0,0)&field=col_index:long(0,0)&uid={bed13eea-f93b-4840-814e-e7b24049091d}" }, "geometry": { "type": "Point", "coordinates": [ 102.409284207255723, -4.049034415970367 ] } },
{ "type": "Feature", "properties": { "id": 141, "left": 11400154.370455341, "top": -450977.08934295276, "right": 11400159.370455341, "bottom": -450972.08934295276, "row_index": 4, "col_index": 4, "jenis": "palm", "layer": "Clipped", "path": "Point?crs=EPSG:3857&field=id:long(0,0)&field=left:double(0,0)&field=top:double(0,0)&field=right:double(0,0)&field=bottom:double(0,0)&field=row_index:long(0,0)&field=col_index:long(0,0)&uid={bed13eea-f93b-4840-814e-e7b24049091d}" }, "geometry": { "type": "Point", "coordinates": [ 102.40932912301993, -4.047824716412447 ] } },
{ "type": "Feature", "properties": { "id": 142, "left": 11400154.370455341, "top": -450982.08934295276, "right": 11400159.370455341, "bottom": -450977.08934295276, "row_index": 5, "col_index": 4, "jenis": "palm", "layer": "Clipped", "path": "Point?crs=EPSG:3857&field=id:long(0,0)&field=left:double(0,0)&field=top:double(0,0)&field=right:double(0,0)&field=bottom:double(0,0)&field=row_index:long(0,0)&field=col_index:long(0,0)&uid={bed13eea-f93b-4840-814e-e7b24049091d}" }, "geometry": { "type": "Point", "coordinates": [ 102.40932912301993, -4.047869520132013 ] } },
{ "type": "Feature", "properties": { "id": 143, "left": 11400154.370455341, "top": -450987.08934295276, "right": 11400159.370455341, "bottom": -450982.08934295276, "row_index": 6, "col_index": 4, "jenis": "palm", "layer": "Clipped", "path": "Point?crs=EPSG:3857&field=id:long(0,0)&field=left:double(0,0)&field=top:double(0,0)&field=right:double(0,0)&field=bottom:double(0,0)&field=row_index:long(0,0)&field=col_index:long(0,0)&uid={bed13eea-f93b-4840-814e-e7b24049091d}" }, "geometry": { "type": "Point", "coordinates": [ 102.40932912301993, -4.047914323849097 ] } },
{ "type": "Feature", "properties": { "id": 144, "left": 11400154.370455341, "top": -450992.08934295276, "right": 11400159.370455341, "bottom": -450987.08934295276, "row_index": 7, "col_index": 4, "jenis": "palm", "layer": "Clipped", "path": "Point?crs=EPSG:3857&field=id:long(0,0)&field=left:double(0,0)&field=top:double(0,0)&field=right:double(0,0)&field=bottom:double(0,0)&field=row_index:long(0,0)&field=col_index:long(0,0)&uid={bed13eea-f93b-4840-814e-e7b24049091d}" }, "geometry": { "type": "Point", "coordinates": [ 102.40932912301993, -4.047959127563703 ] } },
{ "type": "Feature", "properties": { "id": 145, "left": 11400154.370455341, "top": -450997.08934295276, "right": 11400159.370455341, "bottom": -450992.08934295276, "row_index": 8, "col_index": 4, "jenis": "palm", "layer": "Clipped", "path": "Point?crs=EPSG:3857&field=id:long(0,0)&field=left:double(0,0)&field=top:double(0,0)&field=right:double(0,0)&field=bottom:double(0,0)&field=row_index:long(0,0)&field=col_index:long(0,0)&uid={bed13eea-f93b-4840-814e-e7b24049091d}" }, "geometry": { "type": "Point", "coordinates": [ 102.40932912301993, -4.048003931275829 ] } },
{ "type": "Feature", "properties": { "id": 146, "left": 11400154.370455341, "top": -451002.08934295276, "right": 11400159.370455341, "bottom": -450997.08934295276, "row_index": 9, "col_index": 4, "jenis": "palm", "layer": "Clipped", "path": "Point?crs=EPSG:3857&field=id:long(0,0)&field=left:double(0,0)&field=top:double(0,0)&field=right:double(0,0)&field=bottom:double(0,0)&field=row_index:long(0,0)&field=col_index:long(0,0)&uid={bed13eea-f93b-4840-814e-e7b24049091d}" }, "geometry": { "type": "Point", "coordinates": [ 102.40932912301993, -4.048048734985476 ] } },
{ "type": "Feature", "properties": { "id": 147, "left": 11400154.370455341, "top": -451007.08934295276, "right": 11400159.370455341, "bottom": -451002.08934295276, "row_index": 10, "col_index": 4, "jenis": "palm", "layer": "Clipped", "path": "Point?crs=EPSG:3857&field=id:long(0,0)&field=left:double(0,0)&field=top:double(0,0)&field=right:double(0,0)&field=bottom:double(0,0)&field=row_index:long(0,0)&field=col_index:long(0,0)&uid={bed13eea-f93b-4840-814e-e7b24049091d}" }, "geometry": { "type": "Point", "coordinates": [ 102.40932912301993, -4.048093538692644 ] } },
{ "type": "Feature", "properties": { "id": 148, "left": 11400154.370455341, "top": -451012.08934295276, "right": 11400159.370455341, "bottom": -451007.08934295276, "row_index": 11, "col_index": 4, "jenis": "palm", "layer": "Clipped", "path": "Point?crs=EPSG:3857&field=id:long(0,0)&field=left:double(0,0)&field=top:double(0,0)&field=right:double(0,0)&field=bottom:double(0,0)&field=row_index:long(0,0)&field=col_index:long(0,0)&uid={bed13eea-f93b-4840-814e-e7b24049091d}" }, "geometry": { "type": "Point", "coordinates": [ 102.40932912301993, -4.048138342397333 ] } },
{ "type": "Feature", "properties": { "id": 149, "left": 11400154.370455341, "top": -451017.08934295276, "right": 11400159.370455341, "bottom": -451012.08934295276, "row_index": 12, "col_index": 4, "jenis": "palm", "layer": "Clipped", "path": "Point?crs=EPSG:3857&field=id:long(0,0)&field=left:double(0,0)&field=top:double(0,0)&field=right:double(0,0)&field=bottom:double(0,0)&field=row_index:long(0,0)&field=col_index:long(0,0)&uid={bed13eea-f93b-4840-814e-e7b24049091d}" }, "geometry": { "type": "Point", "coordinates": [ 102.40932912301993, -4.048183146099541 ] } },
{ "type": "Feature", "properties": { "id": 150, "left": 11400154.370455341, "top": -451022.08934295276, "right": 11400159.370455341, "bottom": -451017.08934295276, "row_index": 13, "col_index": 4, "jenis": "palm", "layer": "Clipped", "path": "Point?crs=EPSG:3857&field=id:long(0,0)&field=left:double(0,0)&field=top:double(0,0)&field=right:double(0,0)&field=bottom:double(0,0)&field=row_index:long(0,0)&field=col_index:long(0,0)&uid={bed13eea-f93b-4840-814e-e7b24049091d}" }, "geometry": { "type": "Point", "coordinates": [ 102.40932912301993, -4.04822794979927 ] } },
{ "type": "Feature", "properties": { "id": 151, "left": 11400154.370455341, "top": -451027.08934295276, "right": 11400159.370455341, "bottom": -451022.08934295276, "row_index": 14, "col_index": 4, "jenis": "palm", "layer": "Clipped", "path": "Point?crs=EPSG:3857&field=id:long(0,0)&field=left:double(0,0)&field=top:double(0,0)&field=right:double(0,0)&field=bottom:double(0,0)&field=row_index:long(0,0)&field=col_index:long(0,0)&uid={bed13eea-f93b-4840-814e-e7b24049091d}" }, "geometry": { "type": "Point", "coordinates": [ 102.40932912301993, -4.04827275349652 ] } },
{ "type": "Feature", "properties": { "id": 152, "left": 11400154.370455341, "top": -451032.08934295276, "right": 11400159.370455341, "bottom": -451027.08934295276, "row_index": 15, "col_index": 4, "jenis": "palm", "layer": "Clipped", "path": "Point?crs=EPSG:3857&field=id:long(0,0)&field=left:double(0,0)&field=top:double(0,0)&field=right:double(0,0)&field=bottom:double(0,0)&field=row_index:long(0,0)&field=col_index:long(0,0)&uid={bed13eea-f93b-4840-814e-e7b24049091d}" }, "geometry": { "type": "Point", "coordinates": [ 102.40932912301993, -4.04831755719129 ] } },
{ "type": "Feature", "properties": { "id": 153, "left": 11400154.370455341, "top": -451037.08934295276, "right": 11400159.370455341, "bottom": -451032.08934295276, "row_index": 16, "col_index": 4, "jenis": "palm", "layer": "Clipped", "path": "Point?crs=EPSG:3857&field=id:long(0,0)&field=left:double(0,0)&field=top:double(0,0)&field=right:double(0,0)&field=bottom:double(0,0)&field=row_index:long(0,0)&field=col_index:long(0,0)&uid={bed13eea-f93b-4840-814e-e7b24049091d}" }, "geometry": { "type": "Point", "coordinates": [ 102.40932912301993, -4.04836236088358 ] } },
{ "type": "Feature", "properties": { "id": 154, "left": 11400154.370455341, "top": -451042.08934295276, "right": 11400159.370455341, "bottom": -451037.08934295276, "row_index": 17, "col_index": 4, "jenis": "palm", "layer": "Clipped", "path": "Point?crs=EPSG:3857&field=id:long(0,0)&field=left:double(0,0)&field=top:double(0,0)&field=right:double(0,0)&field=bottom:double(0,0)&field=row_index:long(0,0)&field=col_index:long(0,0)&uid={bed13eea-f93b-4840-814e-e7b24049091d}" }, "geometry": { "type": "Point", "coordinates": [ 102.40932912301993, -4.048407164573391 ] } },
{ "type": "Feature", "properties": { "id": 155, "left": 11400154.370455341, "top": -451047.08934295276, "right": 11400159.370455341, "bottom": -451042.08934295276, "row_index": 18, "col_index": 4, "jenis": "palm", "layer": "Clipped", "path": "Point?crs=EPSG:3857&field=id:long(0,0)&field=left:double(0,0)&field=top:double(0,0)&field=right:double(0,0)&field=bottom:double(0,0)&field=row_index:long(0,0)&field=col_index:long(0,0)&uid={bed13eea-f93b-4840-814e-e7b24049091d}" }, "geometry": { "type": "Point", "coordinates": [ 102.40932912301993, -4.048451968260722 ] } },
{ "type": "Feature", "properties": { "id": 156, "left": 11400154.370455341, "top": -451052.08934295276, "right": 11400159.370455341, "bottom": -451047.08934295276, "row_index": 19, "col_index": 4, "jenis": "palm", "layer": "Clipped", "path": "Point?crs=EPSG:3857&field=id:long(0,0)&field=left:double(0,0)&field=top:double(0,0)&field=right:double(0,0)&field=bottom:double(0,0)&field=row_index:long(0,0)&field=col_index:long(0,0)&uid={bed13eea-f93b-4840-814e-e7b24049091d}" }, "geometry": { "type": "Point", "coordinates": [ 102.40932912301993, -4.048496771945573 ] } },
{ "type": "Feature", "properties": { "id": 157, "left": 11400154.370455341, "top": -451057.08934295276, "right": 11400159.370455341, "bottom": -451052.08934295276, "row_index": 20, "col_index": 4, "jenis": "palm", "layer": "Clipped", "path": "Point?crs=EPSG:3857&field=id:long(0,0)&field=left:double(0,0)&field=top:double(0,0)&field=right:double(0,0)&field=bottom:double(0,0)&field=row_index:long(0,0)&field=col_index:long(0,0)&uid={bed13eea-f93b-4840-814e-e7b24049091d}" }, "geometry": { "type": "Point", "coordinates": [ 102.40932912301993, -4.048541575627945 ] } },
{ "type": "Feature", "properties": { "id": 158, "left": 11400154.370455341, "top": -451062.08934295276, "right": 11400159.370455341, "bottom": -451057.08934295276, "row_index": 21, "col_index": 4, "jenis": "palm", "layer": "Clipped", "path": "Point?crs=EPSG:3857&field=id:long(0,0)&field=left:double(0,0)&field=top:double(0,0)&field=right:double(0,0)&field=bottom:double(0,0)&field=row_index:long(0,0)&field=col_index:long(0,0)&uid={bed13eea-f93b-4840-814e-e7b24049091d}" }, "geometry": { "type": "Point", "coordinates": [ 102.40932912301993, -4.048586379307837 ] } },
{ "type": "Feature", "properties": { "id": 159, "left": 11400154.370455341, "top": -451067.08934295276, "right": 11400159.370455341, "bottom": -451062.08934295276, "row_index": 22, "col_index": 4, "jenis": "palm", "layer": "Clipped", "path": "Point?crs=EPSG:3857&field=id:long(0,0)&field=left:double(0,0)&field=top:double(0,0)&field=right:double(0,0)&field=bottom:double(0,0)&field=row_index:long(0,0)&field=col_index:long(0,0)&uid={bed13eea-f93b-4840-814e-e7b24049091d}" }, "geometry": { "type": "Point", "coordinates": [ 102.40932912301993, -4.048631182985249 ] } },
{ "type": "Feature", "properties": { "id": 160, "left": 11400154.370455341, "top": -451072.08934295276, "right": 11400159.370455341, "bottom": -451067.08934295276, "row_index": 23, "col_index": 4, "jenis": "palm", "layer": "Clipped", "path": "Point?crs=EPSG:3857&field=id:long(0,0)&field=left:double(0,0)&field=top:double(0,0)&field=right:double(0,0)&field=bottom:double(0,0)&field=row_index:long(0,0)&field=col_index:long(0,0)&uid={bed13eea-f93b-4840-814e-e7b24049091d}" }, "geometry": { "type": "Point", "coordinates": [ 102.40932912301993, -4.048675986660182 ] } },
{ "type": "Feature", "properties": { "id": 161, "left": 11400154.370455341, "top": -451077.08934295276, "right": 11400159.370455341, "bottom": -451072.08934295276, "row_index": 24, "col_index": 4, "jenis": "palm", "layer": "Clipped", "path": "Point?crs=EPSG:3857&field=id:long(0,0)&field=left:double(0,0)&field=top:double(0,0)&field=right:double(0,0)&field=bottom:double(0,0)&field=row_index:long(0,0)&field=col_index:long(0,0)&uid={bed13eea-f93b-4840-814e-e7b24049091d}" }, "geometry": { "type": "Point", "coordinates": [ 102.40932912301993, -4.048720790332635 ] } },
{ "type": "Feature", "properties": { "id": 162, "left": 11400154.370455341, "top": -451082.08934295276, "right": 11400159.370455341, "bottom": -451077.08934295276, "row_index": 25, "col_index": 4, "jenis": "palm", "layer": "Clipped", "path": "Point?crs=EPSG:3857&field=id:long(0,0)&field=left:double(0,0)&field=top:double(0,0)&field=right:double(0,0)&field=bottom:double(0,0)&field=row_index:long(0,0)&field=col_index:long(0,0)&uid={bed13eea-f93b-4840-814e-e7b24049091d}" }, "geometry": { "type": "Point", "coordinates": [ 102.40932912301993, -4.048765594002607 ] } },
{ "type": "Feature", "properties": { "id": 163, "left": 11400154.370455341, "top": -451087.08934295276, "right": 11400159.370455341, "bottom": -451082.08934295276, "row_index": 26, "col_index": 4, "jenis": "palm", "layer": "Clipped", "path": "Point?crs=EPSG:3857&field=id:long(0,0)&field=left:double(0,0)&field=top:double(0,0)&field=right:double(0,0)&field=bottom:double(0,0)&field=row_index:long(0,0)&field=col_index:long(0,0)&uid={bed13eea-f93b-4840-814e-e7b24049091d}" }, "geometry": { "type": "Point", "coordinates": [ 102.40932912301993, -4.048810397670101 ] } },
{ "type": "Feature", "properties": { "id": 164, "left": 11400154.370455341, "top": -451092.08934295276, "right": 11400159.370455341, "bottom": -451087.08934295276, "row_index": 27, "col_index": 4, "jenis": "palm", "layer": "Clipped", "path": "Point?crs=EPSG:3857&field=id:long(0,0)&field=left:double(0,0)&field=top:double(0,0)&field=right:double(0,0)&field=bottom:double(0,0)&field=row_index:long(0,0)&field=col_index:long(0,0)&uid={bed13eea-f93b-4840-814e-e7b24049091d}" }, "geometry": { "type": "Point", "coordinates": [ 102.40932912301993, -4.048855201335114 ] } },
{ "type": "Feature", "properties": { "id": 165, "left": 11400154.370455341, "top": -451097.08934295276, "right": 11400159.370455341, "bottom": -451092.08934295276, "row_index": 28, "col_index": 4, "jenis": "palm", "layer": "Clipped", "path": "Point?crs=EPSG:3857&field=id:long(0,0)&field=left:double(0,0)&field=top:double(0,0)&field=right:double(0,0)&field=bottom:double(0,0)&field=row_index:long(0,0)&field=col_index:long(0,0)&uid={bed13eea-f93b-4840-814e-e7b24049091d}" }, "geometry": { "type": "Point", "coordinates": [ 102.40932912301993, -4.048900004997647 ] } },
{ "type": "Feature", "properties": { "id": 166, "left": 11400154.370455341, "top": -451102.08934295276, "right": 11400159.370455341, "bottom": -451097.08934295276, "row_index": 29, "col_index": 4, "jenis": "palm", "layer": "Clipped", "path": "Point?crs=EPSG:3857&field=id:long(0,0)&field=left:double(0,0)&field=top:double(0,0)&field=right:double(0,0)&field=bottom:double(0,0)&field=row_index:long(0,0)&field=col_index:long(0,0)&uid={bed13eea-f93b-4840-814e-e7b24049091d}" }, "geometry": { "type": "Point", "coordinates": [ 102.40932912301993, -4.0489448086577 ] } },
{ "type": "Feature", "properties": { "id": 167, "left": 11400154.370455341, "top": -451107.08934295276, "right": 11400159.370455341, "bottom": -451102.08934295276, "row_index": 30, "col_index": 4, "jenis": "palm", "layer": "Clipped", "path": "Point?crs=EPSG:3857&field=id:long(0,0)&field=left:double(0,0)&field=top:double(0,0)&field=right:double(0,0)&field=bottom:double(0,0)&field=row_index:long(0,0)&field=col_index:long(0,0)&uid={bed13eea-f93b-4840-814e-e7b24049091d}" }, "geometry": { "type": "Point", "coordinates": [ 102.40932912301993, -4.048989612315274 ] } },
{ "type": "Feature", "properties": { "id": 168, "left": 11400154.370455341, "top": -451112.08934295276, "right": 11400159.370455341, "bottom": -451107.08934295276, "row_index": 31, "col_index": 4, "jenis": "palm", "layer": "Clipped", "path": "Point?crs=EPSG:3857&field=id:long(0,0)&field=left:double(0,0)&field=top:double(0,0)&field=right:double(0,0)&field=bottom:double(0,0)&field=row_index:long(0,0)&field=col_index:long(0,0)&uid={bed13eea-f93b-4840-814e-e7b24049091d}" }, "geometry": { "type": "Point", "coordinates": [ 102.40932912301993, -4.049034415970367 ] } },
{ "type": "Feature", "properties": { "id": 169, "left": 11400154.370455341, "top": -451117.08934295276, "right": 11400159.370455341, "bottom": -451112.08934295276, "row_index": 32, "col_index": 4, "jenis": "palm", "layer": "Clipped", "path": "Point?crs=EPSG:3857&field=id:long(0,0)&field=left:double(0,0)&field=top:double(0,0)&field=right:double(0,0)&field=bottom:double(0,0)&field=row_index:long(0,0)&field=col_index:long(0,0)&uid={bed13eea-f93b-4840-814e-e7b24049091d}" }, "geometry": { "type": "Point", "coordinates": [ 102.40932912301993, -4.04907921962298 ] } },
{ "type": "Feature", "properties": { "id": 172, "left": 11400159.370455341, "top": -450962.08934295276, "right": 11400164.370455341, "bottom": -450957.08934295276, "row_index": 1, "col_index": 5, "jenis": "palm", "layer": "Clipped", "path": "Point?crs=EPSG:3857&field=id:long(0,0)&field=left:double(0,0)&field=top:double(0,0)&field=right:double(0,0)&field=bottom:double(0,0)&field=row_index:long(0,0)&field=col_index:long(0,0)&uid={bed13eea-f93b-4840-814e-e7b24049091d}" }, "geometry": { "type": "Point", "coordinates": [ 102.409374038784136, -4.047690305238879 ] } },
{ "type": "Feature", "properties": { "id": 173, "left": 11400159.370455341, "top": -450967.08934295276, "right": 11400164.370455341, "bottom": -450962.08934295276, "row_index": 2, "col_index": 5, "jenis": "palm", "layer": "Clipped", "path": "Point?crs=EPSG:3857&field=id:long(0,0)&field=left:double(0,0)&field=top:double(0,0)&field=right:double(0,0)&field=bottom:double(0,0)&field=row_index:long(0,0)&field=col_index:long(0,0)&uid={bed13eea-f93b-4840-814e-e7b24049091d}" }, "geometry": { "type": "Point", "coordinates": [ 102.409374038784136, -4.04773510896588 ] } },
{ "type": "Feature", "properties": { "id": 174, "left": 11400159.370455341, "top": -450972.08934295276, "right": 11400164.370455341, "bottom": -450967.08934295276, "row_index": 3, "col_index": 5, "jenis": "palm", "layer": "Clipped", "path": "Point?crs=EPSG:3857&field=id:long(0,0)&field=left:double(0,0)&field=top:double(0,0)&field=right:double(0,0)&field=bottom:double(0,0)&field=row_index:long(0,0)&field=col_index:long(0,0)&uid={bed13eea-f93b-4840-814e-e7b24049091d}" }, "geometry": { "type": "Point", "coordinates": [ 102.409374038784136, -4.047779912690404 ] } },
{ "type": "Feature", "properties": { "id": 175, "left": 11400159.370455341, "top": -450977.08934295276, "right": 11400164.370455341, "bottom": -450972.08934295276, "row_index": 4, "col_index": 5, "jenis": "palm", "layer": "Clipped", "path": "Point?crs=EPSG:3857&field=id:long(0,0)&field=left:double(0,0)&field=top:double(0,0)&field=right:double(0,0)&field=bottom:double(0,0)&field=row_index:long(0,0)&field=col_index:long(0,0)&uid={bed13eea-f93b-4840-814e-e7b24049091d}" }, "geometry": { "type": "Point", "coordinates": [ 102.409374038784136, -4.047824716412447 ] } },
{ "type": "Feature", "properties": { "id": 176, "left": 11400159.370455341, "top": -450982.08934295276, "right": 11400164.370455341, "bottom": -450977.08934295276, "row_index": 5, "col_index": 5, "jenis": "palm", "layer": "Clipped", "path": "Point?crs=EPSG:3857&field=id:long(0,0)&field=left:double(0,0)&field=top:double(0,0)&field=right:double(0,0)&field=bottom:double(0,0)&field=row_index:long(0,0)&field=col_index:long(0,0)&uid={bed13eea-f93b-4840-814e-e7b24049091d}" }, "geometry": { "type": "Point", "coordinates": [ 102.409374038784136, -4.047869520132013 ] } },
{ "type": "Feature", "properties": { "id": 177, "left": 11400159.370455341, "top": -450987.08934295276, "right": 11400164.370455341, "bottom": -450982.08934295276, "row_index": 6, "col_index": 5, "jenis": "palm", "layer": "Clipped", "path": "Point?crs=EPSG:3857&field=id:long(0,0)&field=left:double(0,0)&field=top:double(0,0)&field=right:double(0,0)&field=bottom:double(0,0)&field=row_index:long(0,0)&field=col_index:long(0,0)&uid={bed13eea-f93b-4840-814e-e7b24049091d}" }, "geometry": { "type": "Point", "coordinates": [ 102.409374038784136, -4.047914323849097 ] } },
{ "type": "Feature", "properties": { "id": 178, "left": 11400159.370455341, "top": -450992.08934295276, "right": 11400164.370455341, "bottom": -450987.08934295276, "row_index": 7, "col_index": 5, "jenis": "palm", "layer": "Clipped", "path": "Point?crs=EPSG:3857&field=id:long(0,0)&field=left:double(0,0)&field=top:double(0,0)&field=right:double(0,0)&field=bottom:double(0,0)&field=row_index:long(0,0)&field=col_index:long(0,0)&uid={bed13eea-f93b-4840-814e-e7b24049091d}" }, "geometry": { "type": "Point", "coordinates": [ 102.409374038784136, -4.047959127563703 ] } },
{ "type": "Feature", "properties": { "id": 179, "left": 11400159.370455341, "top": -450997.08934295276, "right": 11400164.370455341, "bottom": -450992.08934295276, "row_index": 8, "col_index": 5, "jenis": "palm", "layer": "Clipped", "path": "Point?crs=EPSG:3857&field=id:long(0,0)&field=left:double(0,0)&field=top:double(0,0)&field=right:double(0,0)&field=bottom:double(0,0)&field=row_index:long(0,0)&field=col_index:long(0,0)&uid={bed13eea-f93b-4840-814e-e7b24049091d}" }, "geometry": { "type": "Point", "coordinates": [ 102.409374038784136, -4.048003931275829 ] } },
{ "type": "Feature", "properties": { "id": 180, "left": 11400159.370455341, "top": -451002.08934295276, "right": 11400164.370455341, "bottom": -450997.08934295276, "row_index": 9, "col_index": 5, "jenis": "palm", "layer": "Clipped", "path": "Point?crs=EPSG:3857&field=id:long(0,0)&field=left:double(0,0)&field=top:double(0,0)&field=right:double(0,0)&field=bottom:double(0,0)&field=row_index:long(0,0)&field=col_index:long(0,0)&uid={bed13eea-f93b-4840-814e-e7b24049091d}" }, "geometry": { "type": "Point", "coordinates": [ 102.409374038784136, -4.048048734985476 ] } },
{ "type": "Feature", "properties": { "id": 181, "left": 11400159.370455341, "top": -451007.08934295276, "right": 11400164.370455341, "bottom": -451002.08934295276, "row_index": 10, "col_index": 5, "jenis": "palm", "layer": "Clipped", "path": "Point?crs=EPSG:3857&field=id:long(0,0)&field=left:double(0,0)&field=top:double(0,0)&field=right:double(0,0)&field=bottom:double(0,0)&field=row_index:long(0,0)&field=col_index:long(0,0)&uid={bed13eea-f93b-4840-814e-e7b24049091d}" }, "geometry": { "type": "Point", "coordinates": [ 102.409374038784136, -4.048093538692644 ] } },
{ "type": "Feature", "properties": { "id": 182, "left": 11400159.370455341, "top": -451012.08934295276, "right": 11400164.370455341, "bottom": -451007.08934295276, "row_index": 11, "col_index": 5, "jenis": "palm", "layer": "Clipped", "path": "Point?crs=EPSG:3857&field=id:long(0,0)&field=left:double(0,0)&field=top:double(0,0)&field=right:double(0,0)&field=bottom:double(0,0)&field=row_index:long(0,0)&field=col_index:long(0,0)&uid={bed13eea-f93b-4840-814e-e7b24049091d}" }, "geometry": { "type": "Point", "coordinates": [ 102.409374038784136, -4.048138342397333 ] } },
{ "type": "Feature", "properties": { "id": 183, "left": 11400159.370455341, "top": -451017.08934295276, "right": 11400164.370455341, "bottom": -451012.08934295276, "row_index": 12, "col_index": 5, "jenis": "palm", "layer": "Clipped", "path": "Point?crs=EPSG:3857&field=id:long(0,0)&field=left:double(0,0)&field=top:double(0,0)&field=right:double(0,0)&field=bottom:double(0,0)&field=row_index:long(0,0)&field=col_index:long(0,0)&uid={bed13eea-f93b-4840-814e-e7b24049091d}" }, "geometry": { "type": "Point", "coordinates": [ 102.409374038784136, -4.048183146099541 ] } },
{ "type": "Feature", "properties": { "id": 184, "left": 11400159.370455341, "top": -451022.08934295276, "right": 11400164.370455341, "bottom": -451017.08934295276, "row_index": 13, "col_index": 5, "jenis": "palm", "layer": "Clipped", "path": "Point?crs=EPSG:3857&field=id:long(0,0)&field=left:double(0,0)&field=top:double(0,0)&field=right:double(0,0)&field=bottom:double(0,0)&field=row_index:long(0,0)&field=col_index:long(0,0)&uid={bed13eea-f93b-4840-814e-e7b24049091d}" }, "geometry": { "type": "Point", "coordinates": [ 102.409374038784136, -4.04822794979927 ] } },
{ "type": "Feature", "properties": { "id": 185, "left": 11400159.370455341, "top": -451027.08934295276, "right": 11400164.370455341, "bottom": -451022.08934295276, "row_index": 14, "col_index": 5, "jenis": "palm", "layer": "Clipped", "path": "Point?crs=EPSG:3857&field=id:long(0,0)&field=left:double(0,0)&field=top:double(0,0)&field=right:double(0,0)&field=bottom:double(0,0)&field=row_index:long(0,0)&field=col_index:long(0,0)&uid={bed13eea-f93b-4840-814e-e7b24049091d}" }, "geometry": { "type": "Point", "coordinates": [ 102.409374038784136, -4.04827275349652 ] } },
{ "type": "Feature", "properties": { "id": 186, "left": 11400159.370455341, "top": -451032.08934295276, "right": 11400164.370455341, "bottom": -451027.08934295276, "row_index": 15, "col_index": 5, "jenis": "palm", "layer": "Clipped", "path": "Point?crs=EPSG:3857&field=id:long(0,0)&field=left:double(0,0)&field=top:double(0,0)&field=right:double(0,0)&field=bottom:double(0,0)&field=row_index:long(0,0)&field=col_index:long(0,0)&uid={bed13eea-f93b-4840-814e-e7b24049091d}" }, "geometry": { "type": "Point", "coordinates": [ 102.409374038784136, -4.04831755719129 ] } },
{ "type": "Feature", "properties": { "id": 187, "left": 11400159.370455341, "top": -451037.08934295276, "right": 11400164.370455341, "bottom": -451032.08934295276, "row_index": 16, "col_index": 5, "jenis": "palm", "layer": "Clipped", "path": "Point?crs=EPSG:3857&field=id:long(0,0)&field=left:double(0,0)&field=top:double(0,0)&field=right:double(0,0)&field=bottom:double(0,0)&field=row_index:long(0,0)&field=col_index:long(0,0)&uid={bed13eea-f93b-4840-814e-e7b24049091d}" }, "geometry": { "type": "Point", "coordinates": [ 102.409374038784136, -4.04836236088358 ] } },
{ "type": "Feature", "properties": { "id": 188, "left": 11400159.370455341, "top": -451042.08934295276, "right": 11400164.370455341, "bottom": -451037.08934295276, "row_index": 17, "col_index": 5, "jenis": "palm", "layer": "Clipped", "path": "Point?crs=EPSG:3857&field=id:long(0,0)&field=left:double(0,0)&field=top:double(0,0)&field=right:double(0,0)&field=bottom:double(0,0)&field=row_index:long(0,0)&field=col_index:long(0,0)&uid={bed13eea-f93b-4840-814e-e7b24049091d}" }, "geometry": { "type": "Point", "coordinates": [ 102.409374038784136, -4.048407164573391 ] } },
{ "type": "Feature", "properties": { "id": 189, "left": 11400159.370455341, "top": -451047.08934295276, "right": 11400164.370455341, "bottom": -451042.08934295276, "row_index": 18, "col_index": 5, "jenis": "palm", "layer": "Clipped", "path": "Point?crs=EPSG:3857&field=id:long(0,0)&field=left:double(0,0)&field=top:double(0,0)&field=right:double(0,0)&field=bottom:double(0,0)&field=row_index:long(0,0)&field=col_index:long(0,0)&uid={bed13eea-f93b-4840-814e-e7b24049091d}" }, "geometry": { "type": "Point", "coordinates": [ 102.409374038784136, -4.048451968260722 ] } },
{ "type": "Feature", "properties": { "id": 190, "left": 11400159.370455341, "top": -451052.08934295276, "right": 11400164.370455341, "bottom": -451047.08934295276, "row_index": 19, "col_index": 5, "jenis": "palm", "layer": "Clipped", "path": "Point?crs=EPSG:3857&field=id:long(0,0)&field=left:double(0,0)&field=top:double(0,0)&field=right:double(0,0)&field=bottom:double(0,0)&field=row_index:long(0,0)&field=col_index:long(0,0)&uid={bed13eea-f93b-4840-814e-e7b24049091d}" }, "geometry": { "type": "Point", "coordinates": [ 102.409374038784136, -4.048496771945573 ] } },
{ "type": "Feature", "properties": { "id": 191, "left": 11400159.370455341, "top": -451057.08934295276, "right": 11400164.370455341, "bottom": -451052.08934295276, "row_index": 20, "col_index": 5, "jenis": "palm", "layer": "Clipped", "path": "Point?crs=EPSG:3857&field=id:long(0,0)&field=left:double(0,0)&field=top:double(0,0)&field=right:double(0,0)&field=bottom:double(0,0)&field=row_index:long(0,0)&field=col_index:long(0,0)&uid={bed13eea-f93b-4840-814e-e7b24049091d}" }, "geometry": { "type": "Point", "coordinates": [ 102.409374038784136, -4.048541575627945 ] } },
{ "type": "Feature", "properties": { "id": 192, "left": 11400159.370455341, "top": -451062.08934295276, "right": 11400164.370455341, "bottom": -451057.08934295276, "row_index": 21, "col_index": 5, "jenis": "palm", "layer": "Clipped", "path": "Point?crs=EPSG:3857&field=id:long(0,0)&field=left:double(0,0)&field=top:double(0,0)&field=right:double(0,0)&field=bottom:double(0,0)&field=row_index:long(0,0)&field=col_index:long(0,0)&uid={bed13eea-f93b-4840-814e-e7b24049091d}" }, "geometry": { "type": "Point", "coordinates": [ 102.409374038784136, -4.048586379307837 ] } },
{ "type": "Feature", "properties": { "id": 193, "left": 11400159.370455341, "top": -451067.08934295276, "right": 11400164.370455341, "bottom": -451062.08934295276, "row_index": 22, "col_index": 5, "jenis": "palm", "layer": "Clipped", "path": "Point?crs=EPSG:3857&field=id:long(0,0)&field=left:double(0,0)&field=top:double(0,0)&field=right:double(0,0)&field=bottom:double(0,0)&field=row_index:long(0,0)&field=col_index:long(0,0)&uid={bed13eea-f93b-4840-814e-e7b24049091d}" }, "geometry": { "type": "Point", "coordinates": [ 102.409374038784136, -4.048631182985249 ] } },
{ "type": "Feature", "properties": { "id": 194, "left": 11400159.370455341, "top": -451072.08934295276, "right": 11400164.370455341, "bottom": -451067.08934295276, "row_index": 23, "col_index": 5, "jenis": "palm", "layer": "Clipped", "path": "Point?crs=EPSG:3857&field=id:long(0,0)&field=left:double(0,0)&field=top:double(0,0)&field=right:double(0,0)&field=bottom:double(0,0)&field=row_index:long(0,0)&field=col_index:long(0,0)&uid={bed13eea-f93b-4840-814e-e7b24049091d}" }, "geometry": { "type": "Point", "coordinates": [ 102.409374038784136, -4.048675986660182 ] } },
{ "type": "Feature", "properties": { "id": 195, "left": 11400159.370455341, "top": -451077.08934295276, "right": 11400164.370455341, "bottom": -451072.08934295276, "row_index": 24, "col_index": 5, "jenis": "palm", "layer": "Clipped", "path": "Point?crs=EPSG:3857&field=id:long(0,0)&field=left:double(0,0)&field=top:double(0,0)&field=right:double(0,0)&field=bottom:double(0,0)&field=row_index:long(0,0)&field=col_index:long(0,0)&uid={bed13eea-f93b-4840-814e-e7b24049091d}" }, "geometry": { "type": "Point", "coordinates": [ 102.409374038784136, -4.048720790332635 ] } },
{ "type": "Feature", "properties": { "id": 196, "left": 11400159.370455341, "top": -451082.08934295276, "right": 11400164.370455341, "bottom": -451077.08934295276, "row_index": 25, "col_index": 5, "jenis": "palm", "layer": "Clipped", "path": "Point?crs=EPSG:3857&field=id:long(0,0)&field=left:double(0,0)&field=top:double(0,0)&field=right:double(0,0)&field=bottom:double(0,0)&field=row_index:long(0,0)&field=col_index:long(0,0)&uid={bed13eea-f93b-4840-814e-e7b24049091d}" }, "geometry": { "type": "Point", "coordinates": [ 102.409374038784136, -4.048765594002607 ] } },
{ "type": "Feature", "properties": { "id": 197, "left": 11400159.370455341, "top": -451087.08934295276, "right": 11400164.370455341, "bottom": -451082.08934295276, "row_index": 26, "col_index": 5, "jenis": "palm", "layer": "Clipped", "path": "Point?crs=EPSG:3857&field=id:long(0,0)&field=left:double(0,0)&field=top:double(0,0)&field=right:double(0,0)&field=bottom:double(0,0)&field=row_index:long(0,0)&field=col_index:long(0,0)&uid={bed13eea-f93b-4840-814e-e7b24049091d}" }, "geometry": { "type": "Point", "coordinates": [ 102.409374038784136, -4.048810397670101 ] } },
{ "type": "Feature", "properties": { "id": 198, "left": 11400159.370455341, "top": -451092.08934295276, "right": 11400164.370455341, "bottom": -451087.08934295276, "row_index": 27, "col_index": 5, "jenis": "palm", "layer": "Clipped", "path": "Point?crs=EPSG:3857&field=id:long(0,0)&field=left:double(0,0)&field=top:double(0,0)&field=right:double(0,0)&field=bottom:double(0,0)&field=row_index:long(0,0)&field=col_index:long(0,0)&uid={bed13eea-f93b-4840-814e-e7b24049091d}" }, "geometry": { "type": "Point", "coordinates": [ 102.409374038784136, -4.048855201335114 ] } },
{ "type": "Feature", "properties": { "id": 199, "left": 11400159.370455341, "top": -451097.08934295276, "right": 11400164.370455341, "bottom": -451092.08934295276, "row_index": 28, "col_index": 5, "jenis": "palm", "layer": "Clipped", "path": "Point?crs=EPSG:3857&field=id:long(0,0)&field=left:double(0,0)&field=top:double(0,0)&field=right:double(0,0)&field=bottom:double(0,0)&field=row_index:long(0,0)&field=col_index:long(0,0)&uid={bed13eea-f93b-4840-814e-e7b24049091d}" }, "geometry": { "type": "Point", "coordinates": [ 102.409374038784136, -4.048900004997647 ] } },
{ "type": "Feature", "properties": { "id": 200, "left": 11400159.370455341, "top": -451102.08934295276, "right": 11400164.370455341, "bottom": -451097.08934295276, "row_index": 29, "col_index": 5, "jenis": "palm", "layer": "Clipped", "path": "Point?crs=EPSG:3857&field=id:long(0,0)&field=left:double(0,0)&field=top:double(0,0)&field=right:double(0,0)&field=bottom:double(0,0)&field=row_index:long(0,0)&field=col_index:long(0,0)&uid={bed13eea-f93b-4840-814e-e7b24049091d}" }, "geometry": { "type": "Point", "coordinates": [ 102.409374038784136, -4.0489448086577 ] } },
{ "type": "Feature", "properties": { "id": 201, "left": 11400159.370455341, "top": -451107.08934295276, "right": 11400164.370455341, "bottom": -451102.08934295276, "row_index": 30, "col_index": 5, "jenis": "palm", "layer": "Clipped", "path": "Point?crs=EPSG:3857&field=id:long(0,0)&field=left:double(0,0)&field=top:double(0,0)&field=right:double(0,0)&field=bottom:double(0,0)&field=row_index:long(0,0)&field=col_index:long(0,0)&uid={bed13eea-f93b-4840-814e-e7b24049091d}" }, "geometry": { "type": "Point", "coordinates": [ 102.409374038784136, -4.048989612315274 ] } },
{ "type": "Feature", "properties": { "id": 202, "left": 11400159.370455341, "top": -451112.08934295276, "right": 11400164.370455341, "bottom": -451107.08934295276, "row_index": 31, "col_index": 5, "jenis": "palm", "layer": "Clipped", "path": "Point?crs=EPSG:3857&field=id:long(0,0)&field=left:double(0,0)&field=top:double(0,0)&field=right:double(0,0)&field=bottom:double(0,0)&field=row_index:long(0,0)&field=col_index:long(0,0)&uid={bed13eea-f93b-4840-814e-e7b24049091d}" }, "geometry": { "type": "Point", "coordinates": [ 102.409374038784136, -4.049034415970367 ] } },
{ "type": "Feature", "properties": { "id": 203, "left": 11400159.370455341, "top": -451117.08934295276, "right": 11400164.370455341, "bottom": -451112.08934295276, "row_index": 32, "col_index": 5, "jenis": "palm", "layer": "Clipped", "path": "Point?crs=EPSG:3857&field=id:long(0,0)&field=left:double(0,0)&field=top:double(0,0)&field=right:double(0,0)&field=bottom:double(0,0)&field=row_index:long(0,0)&field=col_index:long(0,0)&uid={bed13eea-f93b-4840-814e-e7b24049091d}" }, "geometry": { "type": "Point", "coordinates": [ 102.409374038784136, -4.04907921962298 ] } },
{ "type": "Feature", "properties": { "id": 204, "left": 11400159.370455341, "top": -451122.08934295276, "right": 11400164.370455341, "bottom": -451117.08934295276, "row_index": 33, "col_index": 5, "jenis": "palm", "layer": "Clipped", "path": "Point?crs=EPSG:3857&field=id:long(0,0)&field=left:double(0,0)&field=top:double(0,0)&field=right:double(0,0)&field=bottom:double(0,0)&field=row_index:long(0,0)&field=col_index:long(0,0)&uid={bed13eea-f93b-4840-814e-e7b24049091d}" }, "geometry": { "type": "Point", "coordinates": [ 102.409374038784136, -4.049124023273113 ] } },
{ "type": "Feature", "properties": { "id": 208, "left": 11400164.370455341, "top": -450972.08934295276, "right": 11400169.370455341, "bottom": -450967.08934295276, "row_index": 3, "col_index": 6, "jenis": "palm", "layer": "Clipped", "path": "Point?crs=EPSG:3857&field=id:long(0,0)&field=left:double(0,0)&field=top:double(0,0)&field=right:double(0,0)&field=bottom:double(0,0)&field=row_index:long(0,0)&field=col_index:long(0,0)&uid={bed13eea-f93b-4840-814e-e7b24049091d}" }, "geometry": { "type": "Point", "coordinates": [ 102.409418954548343, -4.047779912690404 ] } },
{ "type": "Feature", "properties": { "id": 209, "left": 11400164.370455341, "top": -450977.08934295276, "right": 11400169.370455341, "bottom": -450972.08934295276, "row_index": 4, "col_index": 6, "jenis": "palm", "layer": "Clipped", "path": "Point?crs=EPSG:3857&field=id:long(0,0)&field=left:double(0,0)&field=top:double(0,0)&field=right:double(0,0)&field=bottom:double(0,0)&field=row_index:long(0,0)&field=col_index:long(0,0)&uid={bed13eea-f93b-4840-814e-e7b24049091d}" }, "geometry": { "type": "Point", "coordinates": [ 102.409418954548343, -4.047824716412447 ] } },
{ "type": "Feature", "properties": { "id": 210, "left": 11400164.370455341, "top": -450982.08934295276, "right": 11400169.370455341, "bottom": -450977.08934295276, "row_index": 5, "col_index": 6, "jenis": "palm", "layer": "Clipped", "path": "Point?crs=EPSG:3857&field=id:long(0,0)&field=left:double(0,0)&field=top:double(0,0)&field=right:double(0,0)&field=bottom:double(0,0)&field=row_index:long(0,0)&field=col_index:long(0,0)&uid={bed13eea-f93b-4840-814e-e7b24049091d}" }, "geometry": { "type": "Point", "coordinates": [ 102.409418954548343, -4.047869520132013 ] } },
{ "type": "Feature", "properties": { "id": 211, "left": 11400164.370455341, "top": -450987.08934295276, "right": 11400169.370455341, "bottom": -450982.08934295276, "row_index": 6, "col_index": 6, "jenis": "palm", "layer": "Clipped", "path": "Point?crs=EPSG:3857&field=id:long(0,0)&field=left:double(0,0)&field=top:double(0,0)&field=right:double(0,0)&field=bottom:double(0,0)&field=row_index:long(0,0)&field=col_index:long(0,0)&uid={bed13eea-f93b-4840-814e-e7b24049091d}" }, "geometry": { "type": "Point", "coordinates": [ 102.409418954548343, -4.047914323849097 ] } },
{ "type": "Feature", "properties": { "id": 212, "left": 11400164.370455341, "top": -450992.08934295276, "right": 11400169.370455341, "bottom": -450987.08934295276, "row_index": 7, "col_index": 6, "jenis": "palm", "layer": "Clipped", "path": "Point?crs=EPSG:3857&field=id:long(0,0)&field=left:double(0,0)&field=top:double(0,0)&field=right:double(0,0)&field=bottom:double(0,0)&field=row_index:long(0,0)&field=col_index:long(0,0)&uid={bed13eea-f93b-4840-814e-e7b24049091d}" }, "geometry": { "type": "Point", "coordinates": [ 102.409418954548343, -4.047959127563703 ] } },
{ "type": "Feature", "properties": { "id": 213, "left": 11400164.370455341, "top": -450997.08934295276, "right": 11400169.370455341, "bottom": -450992.08934295276, "row_index": 8, "col_index": 6, "jenis": "palm", "layer": "Clipped", "path": "Point?crs=EPSG:3857&field=id:long(0,0)&field=left:double(0,0)&field=top:double(0,0)&field=right:double(0,0)&field=bottom:double(0,0)&field=row_index:long(0,0)&field=col_index:long(0,0)&uid={bed13eea-f93b-4840-814e-e7b24049091d}" }, "geometry": { "type": "Point", "coordinates": [ 102.409418954548343, -4.048003931275829 ] } },
{ "type": "Feature", "properties": { "id": 214, "left": 11400164.370455341, "top": -451002.08934295276, "right": 11400169.370455341, "bottom": -450997.08934295276, "row_index": 9, "col_index": 6, "jenis": "palm", "layer": "Clipped", "path": "Point?crs=EPSG:3857&field=id:long(0,0)&field=left:double(0,0)&field=top:double(0,0)&field=right:double(0,0)&field=bottom:double(0,0)&field=row_index:long(0,0)&field=col_index:long(0,0)&uid={bed13eea-f93b-4840-814e-e7b24049091d}" }, "geometry": { "type": "Point", "coordinates": [ 102.409418954548343, -4.048048734985476 ] } },
{ "type": "Feature", "properties": { "id": 215, "left": 11400164.370455341, "top": -451007.08934295276, "right": 11400169.370455341, "bottom": -451002.08934295276, "row_index": 10, "col_index": 6, "jenis": "palm", "layer": "Clipped", "path": "Point?crs=EPSG:3857&field=id:long(0,0)&field=left:double(0,0)&field=top:double(0,0)&field=right:double(0,0)&field=bottom:double(0,0)&field=row_index:long(0,0)&field=col_index:long(0,0)&uid={bed13eea-f93b-4840-814e-e7b24049091d}" }, "geometry": { "type": "Point", "coordinates": [ 102.409418954548343, -4.048093538692644 ] } },
{ "type": "Feature", "properties": { "id": 216, "left": 11400164.370455341, "top": -451012.08934295276, "right": 11400169.370455341, "bottom": -451007.08934295276, "row_index": 11, "col_index": 6, "jenis": "palm", "layer": "Clipped", "path": "Point?crs=EPSG:3857&field=id:long(0,0)&field=left:double(0,0)&field=top:double(0,0)&field=right:double(0,0)&field=bottom:double(0,0)&field=row_index:long(0,0)&field=col_index:long(0,0)&uid={bed13eea-f93b-4840-814e-e7b24049091d}" }, "geometry": { "type": "Point", "coordinates": [ 102.409418954548343, -4.048138342397333 ] } },
{ "type": "Feature", "properties": { "id": 217, "left": 11400164.370455341, "top": -451017.08934295276, "right": 11400169.370455341, "bottom": -451012.08934295276, "row_index": 12, "col_index": 6, "jenis": "palm", "layer": "Clipped", "path": "Point?crs=EPSG:3857&field=id:long(0,0)&field=left:double(0,0)&field=top:double(0,0)&field=right:double(0,0)&field=bottom:double(0,0)&field=row_index:long(0,0)&field=col_index:long(0,0)&uid={bed13eea-f93b-4840-814e-e7b24049091d}" }, "geometry": { "type": "Point", "coordinates": [ 102.409418954548343, -4.048183146099541 ] } },
{ "type": "Feature", "properties": { "id": 218, "left": 11400164.370455341, "top": -451022.08934295276, "right": 11400169.370455341, "bottom": -451017.08934295276, "row_index": 13, "col_index": 6, "jenis": "palm", "layer": "Clipped", "path": "Point?crs=EPSG:3857&field=id:long(0,0)&field=left:double(0,0)&field=top:double(0,0)&field=right:double(0,0)&field=bottom:double(0,0)&field=row_index:long(0,0)&field=col_index:long(0,0)&uid={bed13eea-f93b-4840-814e-e7b24049091d}" }, "geometry": { "type": "Point", "coordinates": [ 102.409418954548343, -4.04822794979927 ] } },
{ "type": "Feature", "properties": { "id": 219, "left": 11400164.370455341, "top": -451027.08934295276, "right": 11400169.370455341, "bottom": -451022.08934295276, "row_index": 14, "col_index": 6, "jenis": "palm", "layer": "Clipped", "path": "Point?crs=EPSG:3857&field=id:long(0,0)&field=left:double(0,0)&field=top:double(0,0)&field=right:double(0,0)&field=bottom:double(0,0)&field=row_index:long(0,0)&field=col_index:long(0,0)&uid={bed13eea-f93b-4840-814e-e7b24049091d}" }, "geometry": { "type": "Point", "coordinates": [ 102.409418954548343, -4.04827275349652 ] } },
{ "type": "Feature", "properties": { "id": 220, "left": 11400164.370455341, "top": -451032.08934295276, "right": 11400169.370455341, "bottom": -451027.08934295276, "row_index": 15, "col_index": 6, "jenis": "palm", "layer": "Clipped", "path": "Point?crs=EPSG:3857&field=id:long(0,0)&field=left:double(0,0)&field=top:double(0,0)&field=right:double(0,0)&field=bottom:double(0,0)&field=row_index:long(0,0)&field=col_index:long(0,0)&uid={bed13eea-f93b-4840-814e-e7b24049091d}" }, "geometry": { "type": "Point", "coordinates": [ 102.409418954548343, -4.04831755719129 ] } },
{ "type": "Feature", "properties": { "id": 221, "left": 11400164.370455341, "top": -451037.08934295276, "right": 11400169.370455341, "bottom": -451032.08934295276, "row_index": 16, "col_index": 6, "jenis": "palm", "layer": "Clipped", "path": "Point?crs=EPSG:3857&field=id:long(0,0)&field=left:double(0,0)&field=top:double(0,0)&field=right:double(0,0)&field=bottom:double(0,0)&field=row_index:long(0,0)&field=col_index:long(0,0)&uid={bed13eea-f93b-4840-814e-e7b24049091d}" }, "geometry": { "type": "Point", "coordinates": [ 102.409418954548343, -4.04836236088358 ] } },
{ "type": "Feature", "properties": { "id": 222, "left": 11400164.370455341, "top": -451042.08934295276, "right": 11400169.370455341, "bottom": -451037.08934295276, "row_index": 17, "col_index": 6, "jenis": "palm", "layer": "Clipped", "path": "Point?crs=EPSG:3857&field=id:long(0,0)&field=left:double(0,0)&field=top:double(0,0)&field=right:double(0,0)&field=bottom:double(0,0)&field=row_index:long(0,0)&field=col_index:long(0,0)&uid={bed13eea-f93b-4840-814e-e7b24049091d}" }, "geometry": { "type": "Point", "coordinates": [ 102.409418954548343, -4.048407164573391 ] } },
{ "type": "Feature", "properties": { "id": 223, "left": 11400164.370455341, "top": -451047.08934295276, "right": 11400169.370455341, "bottom": -451042.08934295276, "row_index": 18, "col_index": 6, "jenis": "palm", "layer": "Clipped", "path": "Point?crs=EPSG:3857&field=id:long(0,0)&field=left:double(0,0)&field=top:double(0,0)&field=right:double(0,0)&field=bottom:double(0,0)&field=row_index:long(0,0)&field=col_index:long(0,0)&uid={bed13eea-f93b-4840-814e-e7b24049091d}" }, "geometry": { "type": "Point", "coordinates": [ 102.409418954548343, -4.048451968260722 ] } },
{ "type": "Feature", "properties": { "id": 224, "left": 11400164.370455341, "top": -451052.08934295276, "right": 11400169.370455341, "bottom": -451047.08934295276, "row_index": 19, "col_index": 6, "jenis": "palm", "layer": "Clipped", "path": "Point?crs=EPSG:3857&field=id:long(0,0)&field=left:double(0,0)&field=top:double(0,0)&field=right:double(0,0)&field=bottom:double(0,0)&field=row_index:long(0,0)&field=col_index:long(0,0)&uid={bed13eea-f93b-4840-814e-e7b24049091d}" }, "geometry": { "type": "Point", "coordinates": [ 102.409418954548343, -4.048496771945573 ] } },
{ "type": "Feature", "properties": { "id": 225, "left": 11400164.370455341, "top": -451057.08934295276, "right": 11400169.370455341, "bottom": -451052.08934295276, "row_index": 20, "col_index": 6, "jenis": "palm", "layer": "Clipped", "path": "Point?crs=EPSG:3857&field=id:long(0,0)&field=left:double(0,0)&field=top:double(0,0)&field=right:double(0,0)&field=bottom:double(0,0)&field=row_index:long(0,0)&field=col_index:long(0,0)&uid={bed13eea-f93b-4840-814e-e7b24049091d}" }, "geometry": { "type": "Point", "coordinates": [ 102.409418954548343, -4.048541575627945 ] } },
{ "type": "Feature", "properties": { "id": 226, "left": 11400164.370455341, "top": -451062.08934295276, "right": 11400169.370455341, "bottom": -451057.08934295276, "row_index": 21, "col_index": 6, "jenis": "palm", "layer": "Clipped", "path": "Point?crs=EPSG:3857&field=id:long(0,0)&field=left:double(0,0)&field=top:double(0,0)&field=right:double(0,0)&field=bottom:double(0,0)&field=row_index:long(0,0)&field=col_index:long(0,0)&uid={bed13eea-f93b-4840-814e-e7b24049091d}" }, "geometry": { "type": "Point", "coordinates": [ 102.409418954548343, -4.048586379307837 ] } },
{ "type": "Feature", "properties": { "id": 227, "left": 11400164.370455341, "top": -451067.08934295276, "right": 11400169.370455341, "bottom": -451062.08934295276, "row_index": 22, "col_index": 6, "jenis": "palm", "layer": "Clipped", "path": "Point?crs=EPSG:3857&field=id:long(0,0)&field=left:double(0,0)&field=top:double(0,0)&field=right:double(0,0)&field=bottom:double(0,0)&field=row_index:long(0,0)&field=col_index:long(0,0)&uid={bed13eea-f93b-4840-814e-e7b24049091d}" }, "geometry": { "type": "Point", "coordinates": [ 102.409418954548343, -4.048631182985249 ] } },
{ "type": "Feature", "properties": { "id": 228, "left": 11400164.370455341, "top": -451072.08934295276, "right": 11400169.370455341, "bottom": -451067.08934295276, "row_index": 23, "col_index": 6, "jenis": "palm", "layer": "Clipped", "path": "Point?crs=EPSG:3857&field=id:long(0,0)&field=left:double(0,0)&field=top:double(0,0)&field=right:double(0,0)&field=bottom:double(0,0)&field=row_index:long(0,0)&field=col_index:long(0,0)&uid={bed13eea-f93b-4840-814e-e7b24049091d}" }, "geometry": { "type": "Point", "coordinates": [ 102.409418954548343, -4.048675986660182 ] } },
{ "type": "Feature", "properties": { "id": 229, "left": 11400164.370455341, "top": -451077.08934295276, "right": 11400169.370455341, "bottom": -451072.08934295276, "row_index": 24, "col_index": 6, "jenis": "palm", "layer": "Clipped", "path": "Point?crs=EPSG:3857&field=id:long(0,0)&field=left:double(0,0)&field=top:double(0,0)&field=right:double(0,0)&field=bottom:double(0,0)&field=row_index:long(0,0)&field=col_index:long(0,0)&uid={bed13eea-f93b-4840-814e-e7b24049091d}" }, "geometry": { "type": "Point", "coordinates": [ 102.409418954548343, -4.048720790332635 ] } },
{ "type": "Feature", "properties": { "id": 230, "left": 11400164.370455341, "top": -451082.08934295276, "right": 11400169.370455341, "bottom": -451077.08934295276, "row_index": 25, "col_index": 6, "jenis": "palm", "layer": "Clipped", "path": "Point?crs=EPSG:3857&field=id:long(0,0)&field=left:double(0,0)&field=top:double(0,0)&field=right:double(0,0)&field=bottom:double(0,0)&field=row_index:long(0,0)&field=col_index:long(0,0)&uid={bed13eea-f93b-4840-814e-e7b24049091d}" }, "geometry": { "type": "Point", "coordinates": [ 102.409418954548343, -4.048765594002607 ] } },
{ "type": "Feature", "properties": { "id": 231, "left": 11400164.370455341, "top": -451087.08934295276, "right": 11400169.370455341, "bottom": -451082.08934295276, "row_index": 26, "col_index": 6, "jenis": "palm", "layer": "Clipped", "path": "Point?crs=EPSG:3857&field=id:long(0,0)&field=left:double(0,0)&field=top:double(0,0)&field=right:double(0,0)&field=bottom:double(0,0)&field=row_index:long(0,0)&field=col_index:long(0,0)&uid={bed13eea-f93b-4840-814e-e7b24049091d}" }, "geometry": { "type": "Point", "coordinates": [ 102.409418954548343, -4.048810397670101 ] } },
{ "type": "Feature", "properties": { "id": 232, "left": 11400164.370455341, "top": -451092.08934295276, "right": 11400169.370455341, "bottom": -451087.08934295276, "row_index": 27, "col_index": 6, "jenis": "palm", "layer": "Clipped", "path": "Point?crs=EPSG:3857&field=id:long(0,0)&field=left:double(0,0)&field=top:double(0,0)&field=right:double(0,0)&field=bottom:double(0,0)&field=row_index:long(0,0)&field=col_index:long(0,0)&uid={bed13eea-f93b-4840-814e-e7b24049091d}" }, "geometry": { "type": "Point", "coordinates": [ 102.409418954548343, -4.048855201335114 ] } },
{ "type": "Feature", "properties": { "id": 233, "left": 11400164.370455341, "top": -451097.08934295276, "right": 11400169.370455341, "bottom": -451092.08934295276, "row_index": 28, "col_index": 6, "jenis": "palm", "layer": "Clipped", "path": "Point?crs=EPSG:3857&field=id:long(0,0)&field=left:double(0,0)&field=top:double(0,0)&field=right:double(0,0)&field=bottom:double(0,0)&field=row_index:long(0,0)&field=col_index:long(0,0)&uid={bed13eea-f93b-4840-814e-e7b24049091d}" }, "geometry": { "type": "Point", "coordinates": [ 102.409418954548343, -4.048900004997647 ] } },
{ "type": "Feature", "properties": { "id": 234, "left": 11400164.370455341, "top": -451102.08934295276, "right": 11400169.370455341, "bottom": -451097.08934295276, "row_index": 29, "col_index": 6, "jenis": "palm", "layer": "Clipped", "path": "Point?crs=EPSG:3857&field=id:long(0,0)&field=left:double(0,0)&field=top:double(0,0)&field=right:double(0,0)&field=bottom:double(0,0)&field=row_index:long(0,0)&field=col_index:long(0,0)&uid={bed13eea-f93b-4840-814e-e7b24049091d}" }, "geometry": { "type": "Point", "coordinates": [ 102.409418954548343, -4.0489448086577 ] } },
{ "type": "Feature", "properties": { "id": 235, "left": 11400164.370455341, "top": -451107.08934295276, "right": 11400169.370455341, "bottom": -451102.08934295276, "row_index": 30, "col_index": 6, "jenis": "palm", "layer": "Clipped", "path": "Point?crs=EPSG:3857&field=id:long(0,0)&field=left:double(0,0)&field=top:double(0,0)&field=right:double(0,0)&field=bottom:double(0,0)&field=row_index:long(0,0)&field=col_index:long(0,0)&uid={bed13eea-f93b-4840-814e-e7b24049091d}" }, "geometry": { "type": "Point", "coordinates": [ 102.409418954548343, -4.048989612315274 ] } },
{ "type": "Feature", "properties": { "id": 236, "left": 11400164.370455341, "top": -451112.08934295276, "right": 11400169.370455341, "bottom": -451107.08934295276, "row_index": 31, "col_index": 6, "jenis": "palm", "layer": "Clipped", "path": "Point?crs=EPSG:3857&field=id:long(0,0)&field=left:double(0,0)&field=top:double(0,0)&field=right:double(0,0)&field=bottom:double(0,0)&field=row_index:long(0,0)&field=col_index:long(0,0)&uid={bed13eea-f93b-4840-814e-e7b24049091d}" }, "geometry": { "type": "Point", "coordinates": [ 102.409418954548343, -4.049034415970367 ] } },
{ "type": "Feature", "properties": { "id": 237, "left": 11400164.370455341, "top": -451117.08934295276, "right": 11400169.370455341, "bottom": -451112.08934295276, "row_index": 32, "col_index": 6, "jenis": "palm", "layer": "Clipped", "path": "Point?crs=EPSG:3857&field=id:long(0,0)&field=left:double(0,0)&field=top:double(0,0)&field=right:double(0,0)&field=bottom:double(0,0)&field=row_index:long(0,0)&field=col_index:long(0,0)&uid={bed13eea-f93b-4840-814e-e7b24049091d}" }, "geometry": { "type": "Point", "coordinates": [ 102.409418954548343, -4.04907921962298 ] } },
{ "type": "Feature", "properties": { "id": 243, "left": 11400169.370455341, "top": -450977.08934295276, "right": 11400174.370455341, "bottom": -450972.08934295276, "row_index": 4, "col_index": 7, "jenis": "palm", "layer": "Clipped", "path": "Point?crs=EPSG:3857&field=id:long(0,0)&field=left:double(0,0)&field=top:double(0,0)&field=right:double(0,0)&field=bottom:double(0,0)&field=row_index:long(0,0)&field=col_index:long(0,0)&uid={bed13eea-f93b-4840-814e-e7b24049091d}" }, "geometry": { "type": "Point", "coordinates": [ 102.40946387031255, -4.047824716412447 ] } },
{ "type": "Feature", "properties": { "id": 244, "left": 11400169.370455341, "top": -450982.08934295276, "right": 11400174.370455341, "bottom": -450977.08934295276, "row_index": 5, "col_index": 7, "jenis": "palm", "layer": "Clipped", "path": "Point?crs=EPSG:3857&field=id:long(0,0)&field=left:double(0,0)&field=top:double(0,0)&field=right:double(0,0)&field=bottom:double(0,0)&field=row_index:long(0,0)&field=col_index:long(0,0)&uid={bed13eea-f93b-4840-814e-e7b24049091d}" }, "geometry": { "type": "Point", "coordinates": [ 102.40946387031255, -4.047869520132013 ] } },
{ "type": "Feature", "properties": { "id": 245, "left": 11400169.370455341, "top": -450987.08934295276, "right": 11400174.370455341, "bottom": -450982.08934295276, "row_index": 6, "col_index": 7, "jenis": "palm", "layer": "Clipped", "path": "Point?crs=EPSG:3857&field=id:long(0,0)&field=left:double(0,0)&field=top:double(0,0)&field=right:double(0,0)&field=bottom:double(0,0)&field=row_index:long(0,0)&field=col_index:long(0,0)&uid={bed13eea-f93b-4840-814e-e7b24049091d}" }, "geometry": { "type": "Point", "coordinates": [ 102.40946387031255, -4.047914323849097 ] } },
{ "type": "Feature", "properties": { "id": 246, "left": 11400169.370455341, "top": -450992.08934295276, "right": 11400174.370455341, "bottom": -450987.08934295276, "row_index": 7, "col_index": 7, "jenis": "palm", "layer": "Clipped", "path": "Point?crs=EPSG:3857&field=id:long(0,0)&field=left:double(0,0)&field=top:double(0,0)&field=right:double(0,0)&field=bottom:double(0,0)&field=row_index:long(0,0)&field=col_index:long(0,0)&uid={bed13eea-f93b-4840-814e-e7b24049091d}" }, "geometry": { "type": "Point", "coordinates": [ 102.40946387031255, -4.047959127563703 ] } },
{ "type": "Feature", "properties": { "id": 247, "left": 11400169.370455341, "top": -450997.08934295276, "right": 11400174.370455341, "bottom": -450992.08934295276, "row_index": 8, "col_index": 7, "jenis": "palm", "layer": "Clipped", "path": "Point?crs=EPSG:3857&field=id:long(0,0)&field=left:double(0,0)&field=top:double(0,0)&field=right:double(0,0)&field=bottom:double(0,0)&field=row_index:long(0,0)&field=col_index:long(0,0)&uid={bed13eea-f93b-4840-814e-e7b24049091d}" }, "geometry": { "type": "Point", "coordinates": [ 102.40946387031255, -4.048003931275829 ] } },
{ "type": "Feature", "properties": { "id": 248, "left": 11400169.370455341, "top": -451002.08934295276, "right": 11400174.370455341, "bottom": -450997.08934295276, "row_index": 9, "col_index": 7, "jenis": "palm", "layer": "Clipped", "path": "Point?crs=EPSG:3857&field=id:long(0,0)&field=left:double(0,0)&field=top:double(0,0)&field=right:double(0,0)&field=bottom:double(0,0)&field=row_index:long(0,0)&field=col_index:long(0,0)&uid={bed13eea-f93b-4840-814e-e7b24049091d}" }, "geometry": { "type": "Point", "coordinates": [ 102.40946387031255, -4.048048734985476 ] } },
{ "type": "Feature", "properties": { "id": 249, "left": 11400169.370455341, "top": -451007.08934295276, "right": 11400174.370455341, "bottom": -451002.08934295276, "row_index": 10, "col_index": 7, "jenis": "palm", "layer": "Clipped", "path": "Point?crs=EPSG:3857&field=id:long(0,0)&field=left:double(0,0)&field=top:double(0,0)&field=right:double(0,0)&field=bottom:double(0,0)&field=row_index:long(0,0)&field=col_index:long(0,0)&uid={bed13eea-f93b-4840-814e-e7b24049091d}" }, "geometry": { "type": "Point", "coordinates": [ 102.40946387031255, -4.048093538692644 ] } },
{ "type": "Feature", "properties": { "id": 250, "left": 11400169.370455341, "top": -451012.08934295276, "right": 11400174.370455341, "bottom": -451007.08934295276, "row_index": 11, "col_index": 7, "jenis": "palm", "layer": "Clipped", "path": "Point?crs=EPSG:3857&field=id:long(0,0)&field=left:double(0,0)&field=top:double(0,0)&field=right:double(0,0)&field=bottom:double(0,0)&field=row_index:long(0,0)&field=col_index:long(0,0)&uid={bed13eea-f93b-4840-814e-e7b24049091d}" }, "geometry": { "type": "Point", "coordinates": [ 102.40946387031255, -4.048138342397333 ] } },
{ "type": "Feature", "properties": { "id": 251, "left": 11400169.370455341, "top": -451017.08934295276, "right": 11400174.370455341, "bottom": -451012.08934295276, "row_index": 12, "col_index": 7, "jenis": "palm", "layer": "Clipped", "path": "Point?crs=EPSG:3857&field=id:long(0,0)&field=left:double(0,0)&field=top:double(0,0)&field=right:double(0,0)&field=bottom:double(0,0)&field=row_index:long(0,0)&field=col_index:long(0,0)&uid={bed13eea-f93b-4840-814e-e7b24049091d}" }, "geometry": { "type": "Point", "coordinates": [ 102.40946387031255, -4.048183146099541 ] } },
{ "type": "Feature", "properties": { "id": 252, "left": 11400169.370455341, "top": -451022.08934295276, "right": 11400174.370455341, "bottom": -451017.08934295276, "row_index": 13, "col_index": 7, "jenis": "palm", "layer": "Clipped", "path": "Point?crs=EPSG:3857&field=id:long(0,0)&field=left:double(0,0)&field=top:double(0,0)&field=right:double(0,0)&field=bottom:double(0,0)&field=row_index:long(0,0)&field=col_index:long(0,0)&uid={bed13eea-f93b-4840-814e-e7b24049091d}" }, "geometry": { "type": "Point", "coordinates": [ 102.40946387031255, -4.04822794979927 ] } },
{ "type": "Feature", "properties": { "id": 253, "left": 11400169.370455341, "top": -451027.08934295276, "right": 11400174.370455341, "bottom": -451022.08934295276, "row_index": 14, "col_index": 7, "jenis": "palm", "layer": "Clipped", "path": "Point?crs=EPSG:3857&field=id:long(0,0)&field=left:double(0,0)&field=top:double(0,0)&field=right:double(0,0)&field=bottom:double(0,0)&field=row_index:long(0,0)&field=col_index:long(0,0)&uid={bed13eea-f93b-4840-814e-e7b24049091d}" }, "geometry": { "type": "Point", "coordinates": [ 102.40946387031255, -4.04827275349652 ] } },
{ "type": "Feature", "properties": { "id": 254, "left": 11400169.370455341, "top": -451032.08934295276, "right": 11400174.370455341, "bottom": -451027.08934295276, "row_index": 15, "col_index": 7, "jenis": "palm", "layer": "Clipped", "path": "Point?crs=EPSG:3857&field=id:long(0,0)&field=left:double(0,0)&field=top:double(0,0)&field=right:double(0,0)&field=bottom:double(0,0)&field=row_index:long(0,0)&field=col_index:long(0,0)&uid={bed13eea-f93b-4840-814e-e7b24049091d}" }, "geometry": { "type": "Point", "coordinates": [ 102.40946387031255, -4.04831755719129 ] } },
{ "type": "Feature", "properties": { "id": 255, "left": 11400169.370455341, "top": -451037.08934295276, "right": 11400174.370455341, "bottom": -451032.08934295276, "row_index": 16, "col_index": 7, "jenis": "palm", "layer": "Clipped", "path": "Point?crs=EPSG:3857&field=id:long(0,0)&field=left:double(0,0)&field=top:double(0,0)&field=right:double(0,0)&field=bottom:double(0,0)&field=row_index:long(0,0)&field=col_index:long(0,0)&uid={bed13eea-f93b-4840-814e-e7b24049091d}" }, "geometry": { "type": "Point", "coordinates": [ 102.40946387031255, -4.04836236088358 ] } },
{ "type": "Feature", "properties": { "id": 256, "left": 11400169.370455341, "top": -451042.08934295276, "right": 11400174.370455341, "bottom": -451037.08934295276, "row_index": 17, "col_index": 7, "jenis": "palm", "layer": "Clipped", "path": "Point?crs=EPSG:3857&field=id:long(0,0)&field=left:double(0,0)&field=top:double(0,0)&field=right:double(0,0)&field=bottom:double(0,0)&field=row_index:long(0,0)&field=col_index:long(0,0)&uid={bed13eea-f93b-4840-814e-e7b24049091d}" }, "geometry": { "type": "Point", "coordinates": [ 102.40946387031255, -4.048407164573391 ] } },
{ "type": "Feature", "properties": { "id": 257, "left": 11400169.370455341, "top": -451047.08934295276, "right": 11400174.370455341, "bottom": -451042.08934295276, "row_index": 18, "col_index": 7, "jenis": "palm", "layer": "Clipped", "path": "Point?crs=EPSG:3857&field=id:long(0,0)&field=left:double(0,0)&field=top:double(0,0)&field=right:double(0,0)&field=bottom:double(0,0)&field=row_index:long(0,0)&field=col_index:long(0,0)&uid={bed13eea-f93b-4840-814e-e7b24049091d}" }, "geometry": { "type": "Point", "coordinates": [ 102.40946387031255, -4.048451968260722 ] } },
{ "type": "Feature", "properties": { "id": 258, "left": 11400169.370455341, "top": -451052.08934295276, "right": 11400174.370455341, "bottom": -451047.08934295276, "row_index": 19, "col_index": 7, "jenis": "palm", "layer": "Clipped", "path": "Point?crs=EPSG:3857&field=id:long(0,0)&field=left:double(0,0)&field=top:double(0,0)&field=right:double(0,0)&field=bottom:double(0,0)&field=row_index:long(0,0)&field=col_index:long(0,0)&uid={bed13eea-f93b-4840-814e-e7b24049091d}" }, "geometry": { "type": "Point", "coordinates": [ 102.40946387031255, -4.048496771945573 ] } },
{ "type": "Feature", "properties": { "id": 259, "left": 11400169.370455341, "top": -451057.08934295276, "right": 11400174.370455341, "bottom": -451052.08934295276, "row_index": 20, "col_index": 7, "jenis": "palm", "layer": "Clipped", "path": "Point?crs=EPSG:3857&field=id:long(0,0)&field=left:double(0,0)&field=top:double(0,0)&field=right:double(0,0)&field=bottom:double(0,0)&field=row_index:long(0,0)&field=col_index:long(0,0)&uid={bed13eea-f93b-4840-814e-e7b24049091d}" }, "geometry": { "type": "Point", "coordinates": [ 102.40946387031255, -4.048541575627945 ] } },
{ "type": "Feature", "properties": { "id": 260, "left": 11400169.370455341, "top": -451062.08934295276, "right": 11400174.370455341, "bottom": -451057.08934295276, "row_index": 21, "col_index": 7, "jenis": "palm", "layer": "Clipped", "path": "Point?crs=EPSG:3857&field=id:long(0,0)&field=left:double(0,0)&field=top:double(0,0)&field=right:double(0,0)&field=bottom:double(0,0)&field=row_index:long(0,0)&field=col_index:long(0,0)&uid={bed13eea-f93b-4840-814e-e7b24049091d}" }, "geometry": { "type": "Point", "coordinates": [ 102.40946387031255, -4.048586379307837 ] } },
{ "type": "Feature", "properties": { "id": 261, "left": 11400169.370455341, "top": -451067.08934295276, "right": 11400174.370455341, "bottom": -451062.08934295276, "row_index": 22, "col_index": 7, "jenis": "palm", "layer": "Clipped", "path": "Point?crs=EPSG:3857&field=id:long(0,0)&field=left:double(0,0)&field=top:double(0,0)&field=right:double(0,0)&field=bottom:double(0,0)&field=row_index:long(0,0)&field=col_index:long(0,0)&uid={bed13eea-f93b-4840-814e-e7b24049091d}" }, "geometry": { "type": "Point", "coordinates": [ 102.40946387031255, -4.048631182985249 ] } },
{ "type": "Feature", "properties": { "id": 262, "left": 11400169.370455341, "top": -451072.08934295276, "right": 11400174.370455341, "bottom": -451067.08934295276, "row_index": 23, "col_index": 7, "jenis": "palm", "layer": "Clipped", "path": "Point?crs=EPSG:3857&field=id:long(0,0)&field=left:double(0,0)&field=top:double(0,0)&field=right:double(0,0)&field=bottom:double(0,0)&field=row_index:long(0,0)&field=col_index:long(0,0)&uid={bed13eea-f93b-4840-814e-e7b24049091d}" }, "geometry": { "type": "Point", "coordinates": [ 102.40946387031255, -4.048675986660182 ] } },
{ "type": "Feature", "properties": { "id": 263, "left": 11400169.370455341, "top": -451077.08934295276, "right": 11400174.370455341, "bottom": -451072.08934295276, "row_index": 24, "col_index": 7, "jenis": "palm", "layer": "Clipped", "path": "Point?crs=EPSG:3857&field=id:long(0,0)&field=left:double(0,0)&field=top:double(0,0)&field=right:double(0,0)&field=bottom:double(0,0)&field=row_index:long(0,0)&field=col_index:long(0,0)&uid={bed13eea-f93b-4840-814e-e7b24049091d}" }, "geometry": { "type": "Point", "coordinates": [ 102.40946387031255, -4.048720790332635 ] } },
{ "type": "Feature", "properties": { "id": 264, "left": 11400169.370455341, "top": -451082.08934295276, "right": 11400174.370455341, "bottom": -451077.08934295276, "row_index": 25, "col_index": 7, "jenis": "palm", "layer": "Clipped", "path": "Point?crs=EPSG:3857&field=id:long(0,0)&field=left:double(0,0)&field=top:double(0,0)&field=right:double(0,0)&field=bottom:double(0,0)&field=row_index:long(0,0)&field=col_index:long(0,0)&uid={bed13eea-f93b-4840-814e-e7b24049091d}" }, "geometry": { "type": "Point", "coordinates": [ 102.40946387031255, -4.048765594002607 ] } },
{ "type": "Feature", "properties": { "id": 265, "left": 11400169.370455341, "top": -451087.08934295276, "right": 11400174.370455341, "bottom": -451082.08934295276, "row_index": 26, "col_index": 7, "jenis": "palm", "layer": "Clipped", "path": "Point?crs=EPSG:3857&field=id:long(0,0)&field=left:double(0,0)&field=top:double(0,0)&field=right:double(0,0)&field=bottom:double(0,0)&field=row_index:long(0,0)&field=col_index:long(0,0)&uid={bed13eea-f93b-4840-814e-e7b24049091d}" }, "geometry": { "type": "Point", "coordinates": [ 102.40946387031255, -4.048810397670101 ] } },
{ "type": "Feature", "properties": { "id": 266, "left": 11400169.370455341, "top": -451092.08934295276, "right": 11400174.370455341, "bottom": -451087.08934295276, "row_index": 27, "col_index": 7, "jenis": "palm", "layer": "Clipped", "path": "Point?crs=EPSG:3857&field=id:long(0,0)&field=left:double(0,0)&field=top:double(0,0)&field=right:double(0,0)&field=bottom:double(0,0)&field=row_index:long(0,0)&field=col_index:long(0,0)&uid={bed13eea-f93b-4840-814e-e7b24049091d}" }, "geometry": { "type": "Point", "coordinates": [ 102.40946387031255, -4.048855201335114 ] } },
{ "type": "Feature", "properties": { "id": 267, "left": 11400169.370455341, "top": -451097.08934295276, "right": 11400174.370455341, "bottom": -451092.08934295276, "row_index": 28, "col_index": 7, "jenis": "palm", "layer": "Clipped", "path": "Point?crs=EPSG:3857&field=id:long(0,0)&field=left:double(0,0)&field=top:double(0,0)&field=right:double(0,0)&field=bottom:double(0,0)&field=row_index:long(0,0)&field=col_index:long(0,0)&uid={bed13eea-f93b-4840-814e-e7b24049091d}" }, "geometry": { "type": "Point", "coordinates": [ 102.40946387031255, -4.048900004997647 ] } },
{ "type": "Feature", "properties": { "id": 268, "left": 11400169.370455341, "top": -451102.08934295276, "right": 11400174.370455341, "bottom": -451097.08934295276, "row_index": 29, "col_index": 7, "jenis": "palm", "layer": "Clipped", "path": "Point?crs=EPSG:3857&field=id:long(0,0)&field=left:double(0,0)&field=top:double(0,0)&field=right:double(0,0)&field=bottom:double(0,0)&field=row_index:long(0,0)&field=col_index:long(0,0)&uid={bed13eea-f93b-4840-814e-e7b24049091d}" }, "geometry": { "type": "Point", "coordinates": [ 102.40946387031255, -4.0489448086577 ] } },
{ "type": "Feature", "properties": { "id": 269, "left": 11400169.370455341, "top": -451107.08934295276, "right": 11400174.370455341, "bottom": -451102.08934295276, "row_index": 30, "col_index": 7, "jenis": "palm", "layer": "Clipped", "path": "Point?crs=EPSG:3857&field=id:long(0,0)&field=left:double(0,0)&field=top:double(0,0)&field=right:double(0,0)&field=bottom:double(0,0)&field=row_index:long(0,0)&field=col_index:long(0,0)&uid={bed13eea-f93b-4840-814e-e7b24049091d}" }, "geometry": { "type": "Point", "coordinates": [ 102.40946387031255, -4.048989612315274 ] } },
{ "type": "Feature", "properties": { "id": 279, "left": 11400174.370455341, "top": -450987.08934295276, "right": 11400179.370455341, "bottom": -450982.08934295276, "row_index": 6, "col_index": 8, "jenis": "palm", "layer": "Clipped", "path": "Point?crs=EPSG:3857&field=id:long(0,0)&field=left:double(0,0)&field=top:double(0,0)&field=right:double(0,0)&field=bottom:double(0,0)&field=row_index:long(0,0)&field=col_index:long(0,0)&uid={bed13eea-f93b-4840-814e-e7b24049091d}" }, "geometry": { "type": "Point", "coordinates": [ 102.409508786076771, -4.047914323849097 ] } },
{ "type": "Feature", "properties": { "id": 280, "left": 11400174.370455341, "top": -450992.08934295276, "right": 11400179.370455341, "bottom": -450987.08934295276, "row_index": 7, "col_index": 8, "jenis": "palm", "layer": "Clipped", "path": "Point?crs=EPSG:3857&field=id:long(0,0)&field=left:double(0,0)&field=top:double(0,0)&field=right:double(0,0)&field=bottom:double(0,0)&field=row_index:long(0,0)&field=col_index:long(0,0)&uid={bed13eea-f93b-4840-814e-e7b24049091d}" }, "geometry": { "type": "Point", "coordinates": [ 102.409508786076771, -4.047959127563703 ] } },
{ "type": "Feature", "properties": { "id": 281, "left": 11400174.370455341, "top": -450997.08934295276, "right": 11400179.370455341, "bottom": -450992.08934295276, "row_index": 8, "col_index": 8, "jenis": "palm", "layer": "Clipped", "path": "Point?crs=EPSG:3857&field=id:long(0,0)&field=left:double(0,0)&field=top:double(0,0)&field=right:double(0,0)&field=bottom:double(0,0)&field=row_index:long(0,0)&field=col_index:long(0,0)&uid={bed13eea-f93b-4840-814e-e7b24049091d}" }, "geometry": { "type": "Point", "coordinates": [ 102.409508786076771, -4.048003931275829 ] } },
{ "type": "Feature", "properties": { "id": 282, "left": 11400174.370455341, "top": -451002.08934295276, "right": 11400179.370455341, "bottom": -450997.08934295276, "row_index": 9, "col_index": 8, "jenis": "palm", "layer": "Clipped", "path": "Point?crs=EPSG:3857&field=id:long(0,0)&field=left:double(0,0)&field=top:double(0,0)&field=right:double(0,0)&field=bottom:double(0,0)&field=row_index:long(0,0)&field=col_index:long(0,0)&uid={bed13eea-f93b-4840-814e-e7b24049091d}" }, "geometry": { "type": "Point", "coordinates": [ 102.409508786076771, -4.048048734985476 ] } },
{ "type": "Feature", "properties": { "id": 283, "left": 11400174.370455341, "top": -451007.08934295276, "right": 11400179.370455341, "bottom": -451002.08934295276, "row_index": 10, "col_index": 8, "jenis": "palm", "layer": "Clipped", "path": "Point?crs=EPSG:3857&field=id:long(0,0)&field=left:double(0,0)&field=top:double(0,0)&field=right:double(0,0)&field=bottom:double(0,0)&field=row_index:long(0,0)&field=col_index:long(0,0)&uid={bed13eea-f93b-4840-814e-e7b24049091d}" }, "geometry": { "type": "Point", "coordinates": [ 102.409508786076771, -4.048093538692644 ] } },
{ "type": "Feature", "properties": { "id": 284, "left": 11400174.370455341, "top": -451012.08934295276, "right": 11400179.370455341, "bottom": -451007.08934295276, "row_index": 11, "col_index": 8, "jenis": "palm", "layer": "Clipped", "path": "Point?crs=EPSG:3857&field=id:long(0,0)&field=left:double(0,0)&field=top:double(0,0)&field=right:double(0,0)&field=bottom:double(0,0)&field=row_index:long(0,0)&field=col_index:long(0,0)&uid={bed13eea-f93b-4840-814e-e7b24049091d}" }, "geometry": { "type": "Point", "coordinates": [ 102.409508786076771, -4.048138342397333 ] } },
{ "type": "Feature", "properties": { "id": 285, "left": 11400174.370455341, "top": -451017.08934295276, "right": 11400179.370455341, "bottom": -451012.08934295276, "row_index": 12, "col_index": 8, "jenis": "palm", "layer": "Clipped", "path": "Point?crs=EPSG:3857&field=id:long(0,0)&field=left:double(0,0)&field=top:double(0,0)&field=right:double(0,0)&field=bottom:double(0,0)&field=row_index:long(0,0)&field=col_index:long(0,0)&uid={bed13eea-f93b-4840-814e-e7b24049091d}" }, "geometry": { "type": "Point", "coordinates": [ 102.409508786076771, -4.048183146099541 ] } },
{ "type": "Feature", "properties": { "id": 286, "left": 11400174.370455341, "top": -451022.08934295276, "right": 11400179.370455341, "bottom": -451017.08934295276, "row_index": 13, "col_index": 8, "jenis": "palm", "layer": "Clipped", "path": "Point?crs=EPSG:3857&field=id:long(0,0)&field=left:double(0,0)&field=top:double(0,0)&field=right:double(0,0)&field=bottom:double(0,0)&field=row_index:long(0,0)&field=col_index:long(0,0)&uid={bed13eea-f93b-4840-814e-e7b24049091d}" }, "geometry": { "type": "Point", "coordinates": [ 102.409508786076771, -4.04822794979927 ] } },
{ "type": "Feature", "properties": { "id": 287, "left": 11400174.370455341, "top": -451027.08934295276, "right": 11400179.370455341, "bottom": -451022.08934295276, "row_index": 14, "col_index": 8, "jenis": "palm", "layer": "Clipped", "path": "Point?crs=EPSG:3857&field=id:long(0,0)&field=left:double(0,0)&field=top:double(0,0)&field=right:double(0,0)&field=bottom:double(0,0)&field=row_index:long(0,0)&field=col_index:long(0,0)&uid={bed13eea-f93b-4840-814e-e7b24049091d}" }, "geometry": { "type": "Point", "coordinates": [ 102.409508786076771, -4.04827275349652 ] } },
{ "type": "Feature", "properties": { "id": 288, "left": 11400174.370455341, "top": -451032.08934295276, "right": 11400179.370455341, "bottom": -451027.08934295276, "row_index": 15, "col_index": 8, "jenis": "palm", "layer": "Clipped", "path": "Point?crs=EPSG:3857&field=id:long(0,0)&field=left:double(0,0)&field=top:double(0,0)&field=right:double(0,0)&field=bottom:double(0,0)&field=row_index:long(0,0)&field=col_index:long(0,0)&uid={bed13eea-f93b-4840-814e-e7b24049091d}" }, "geometry": { "type": "Point", "coordinates": [ 102.409508786076771, -4.04831755719129 ] } },
{ "type": "Feature", "properties": { "id": 289, "left": 11400174.370455341, "top": -451037.08934295276, "right": 11400179.370455341, "bottom": -451032.08934295276, "row_index": 16, "col_index": 8, "jenis": "palm", "layer": "Clipped", "path": "Point?crs=EPSG:3857&field=id:long(0,0)&field=left:double(0,0)&field=top:double(0,0)&field=right:double(0,0)&field=bottom:double(0,0)&field=row_index:long(0,0)&field=col_index:long(0,0)&uid={bed13eea-f93b-4840-814e-e7b24049091d}" }, "geometry": { "type": "Point", "coordinates": [ 102.409508786076771, -4.04836236088358 ] } },
{ "type": "Feature", "properties": { "id": 290, "left": 11400174.370455341, "top": -451042.08934295276, "right": 11400179.370455341, "bottom": -451037.08934295276, "row_index": 17, "col_index": 8, "jenis": "palm", "layer": "Clipped", "path": "Point?crs=EPSG:3857&field=id:long(0,0)&field=left:double(0,0)&field=top:double(0,0)&field=right:double(0,0)&field=bottom:double(0,0)&field=row_index:long(0,0)&field=col_index:long(0,0)&uid={bed13eea-f93b-4840-814e-e7b24049091d}" }, "geometry": { "type": "Point", "coordinates": [ 102.409508786076771, -4.048407164573391 ] } },
{ "type": "Feature", "properties": { "id": 291, "left": 11400174.370455341, "top": -451047.08934295276, "right": 11400179.370455341, "bottom": -451042.08934295276, "row_index": 18, "col_index": 8, "jenis": "palm", "layer": "Clipped", "path": "Point?crs=EPSG:3857&field=id:long(0,0)&field=left:double(0,0)&field=top:double(0,0)&field=right:double(0,0)&field=bottom:double(0,0)&field=row_index:long(0,0)&field=col_index:long(0,0)&uid={bed13eea-f93b-4840-814e-e7b24049091d}" }, "geometry": { "type": "Point", "coordinates": [ 102.409508786076771, -4.048451968260722 ] } },
{ "type": "Feature", "properties": { "id": 292, "left": 11400174.370455341, "top": -451052.08934295276, "right": 11400179.370455341, "bottom": -451047.08934295276, "row_index": 19, "col_index": 8, "jenis": "palm", "layer": "Clipped", "path": "Point?crs=EPSG:3857&field=id:long(0,0)&field=left:double(0,0)&field=top:double(0,0)&field=right:double(0,0)&field=bottom:double(0,0)&field=row_index:long(0,0)&field=col_index:long(0,0)&uid={bed13eea-f93b-4840-814e-e7b24049091d}" }, "geometry": { "type": "Point", "coordinates": [ 102.409508786076771, -4.048496771945573 ] } },
{ "type": "Feature", "properties": { "id": 293, "left": 11400174.370455341, "top": -451057.08934295276, "right": 11400179.370455341, "bottom": -451052.08934295276, "row_index": 20, "col_index": 8, "jenis": "palm", "layer": "Clipped", "path": "Point?crs=EPSG:3857&field=id:long(0,0)&field=left:double(0,0)&field=top:double(0,0)&field=right:double(0,0)&field=bottom:double(0,0)&field=row_index:long(0,0)&field=col_index:long(0,0)&uid={bed13eea-f93b-4840-814e-e7b24049091d}" }, "geometry": { "type": "Point", "coordinates": [ 102.409508786076771, -4.048541575627945 ] } },
{ "type": "Feature", "properties": { "id": 294, "left": 11400174.370455341, "top": -451062.08934295276, "right": 11400179.370455341, "bottom": -451057.08934295276, "row_index": 21, "col_index": 8, "jenis": "palm", "layer": "Clipped", "path": "Point?crs=EPSG:3857&field=id:long(0,0)&field=left:double(0,0)&field=top:double(0,0)&field=right:double(0,0)&field=bottom:double(0,0)&field=row_index:long(0,0)&field=col_index:long(0,0)&uid={bed13eea-f93b-4840-814e-e7b24049091d}" }, "geometry": { "type": "Point", "coordinates": [ 102.409508786076771, -4.048586379307837 ] } },
{ "type": "Feature", "properties": { "id": 295, "left": 11400174.370455341, "top": -451067.08934295276, "right": 11400179.370455341, "bottom": -451062.08934295276, "row_index": 22, "col_index": 8, "jenis": "palm", "layer": "Clipped", "path": "Point?crs=EPSG:3857&field=id:long(0,0)&field=left:double(0,0)&field=top:double(0,0)&field=right:double(0,0)&field=bottom:double(0,0)&field=row_index:long(0,0)&field=col_index:long(0,0)&uid={bed13eea-f93b-4840-814e-e7b24049091d}" }, "geometry": { "type": "Point", "coordinates": [ 102.409508786076771, -4.048631182985249 ] } },
{ "type": "Feature", "properties": { "id": 296, "left": 11400174.370455341, "top": -451072.08934295276, "right": 11400179.370455341, "bottom": -451067.08934295276, "row_index": 23, "col_index": 8, "jenis": "palm", "layer": "Clipped", "path": "Point?crs=EPSG:3857&field=id:long(0,0)&field=left:double(0,0)&field=top:double(0,0)&field=right:double(0,0)&field=bottom:double(0,0)&field=row_index:long(0,0)&field=col_index:long(0,0)&uid={bed13eea-f93b-4840-814e-e7b24049091d}" }, "geometry": { "type": "Point", "coordinates": [ 102.409508786076771, -4.048675986660182 ] } },
{ "type": "Feature", "properties": { "id": 297, "left": 11400174.370455341, "top": -451077.08934295276, "right": 11400179.370455341, "bottom": -451072.08934295276, "row_index": 24, "col_index": 8, "jenis": "palm", "layer": "Clipped", "path": "Point?crs=EPSG:3857&field=id:long(0,0)&field=left:double(0,0)&field=top:double(0,0)&field=right:double(0,0)&field=bottom:double(0,0)&field=row_index:long(0,0)&field=col_index:long(0,0)&uid={bed13eea-f93b-4840-814e-e7b24049091d}" }, "geometry": { "type": "Point", "coordinates": [ 102.409508786076771, -4.048720790332635 ] } },
{ "type": "Feature", "properties": { "id": 298, "left": 11400174.370455341, "top": -451082.08934295276, "right": 11400179.370455341, "bottom": -451077.08934295276, "row_index": 25, "col_index": 8, "jenis": "palm", "layer": "Clipped", "path": "Point?crs=EPSG:3857&field=id:long(0,0)&field=left:double(0,0)&field=top:double(0,0)&field=right:double(0,0)&field=bottom:double(0,0)&field=row_index:long(0,0)&field=col_index:long(0,0)&uid={bed13eea-f93b-4840-814e-e7b24049091d}" }, "geometry": { "type": "Point", "coordinates": [ 102.409508786076771, -4.048765594002607 ] } },
{ "type": "Feature", "properties": { "id": 299, "left": 11400174.370455341, "top": -451087.08934295276, "right": 11400179.370455341, "bottom": -451082.08934295276, "row_index": 26, "col_index": 8, "jenis": "palm", "layer": "Clipped", "path": "Point?crs=EPSG:3857&field=id:long(0,0)&field=left:double(0,0)&field=top:double(0,0)&field=right:double(0,0)&field=bottom:double(0,0)&field=row_index:long(0,0)&field=col_index:long(0,0)&uid={bed13eea-f93b-4840-814e-e7b24049091d}" }, "geometry": { "type": "Point", "coordinates": [ 102.409508786076771, -4.048810397670101 ] } },
{ "type": "Feature", "properties": { "id": 300, "left": 11400174.370455341, "top": -451092.08934295276, "right": 11400179.370455341, "bottom": -451087.08934295276, "row_index": 27, "col_index": 8, "jenis": "palm", "layer": "Clipped", "path": "Point?crs=EPSG:3857&field=id:long(0,0)&field=left:double(0,0)&field=top:double(0,0)&field=right:double(0,0)&field=bottom:double(0,0)&field=row_index:long(0,0)&field=col_index:long(0,0)&uid={bed13eea-f93b-4840-814e-e7b24049091d}" }, "geometry": { "type": "Point", "coordinates": [ 102.409508786076771, -4.048855201335114 ] } },
{ "type": "Feature", "properties": { "id": 301, "left": 11400174.370455341, "top": -451097.08934295276, "right": 11400179.370455341, "bottom": -451092.08934295276, "row_index": 28, "col_index": 8, "jenis": "palm", "layer": "Clipped", "path": "Point?crs=EPSG:3857&field=id:long(0,0)&field=left:double(0,0)&field=top:double(0,0)&field=right:double(0,0)&field=bottom:double(0,0)&field=row_index:long(0,0)&field=col_index:long(0,0)&uid={bed13eea-f93b-4840-814e-e7b24049091d}" }, "geometry": { "type": "Point", "coordinates": [ 102.409508786076771, -4.048900004997647 ] } },
{ "type": "Feature", "properties": { "id": 302, "left": 11400174.370455341, "top": -451102.08934295276, "right": 11400179.370455341, "bottom": -451097.08934295276, "row_index": 29, "col_index": 8, "jenis": "palm", "layer": "Clipped", "path": "Point?crs=EPSG:3857&field=id:long(0,0)&field=left:double(0,0)&field=top:double(0,0)&field=right:double(0,0)&field=bottom:double(0,0)&field=row_index:long(0,0)&field=col_index:long(0,0)&uid={bed13eea-f93b-4840-814e-e7b24049091d}" }, "geometry": { "type": "Point", "coordinates": [ 102.409508786076771, -4.0489448086577 ] } },
{ "type": "Feature", "properties": { "id": 316, "left": 11400179.370455341, "top": -451002.08934295276, "right": 11400184.370455341, "bottom": -450997.08934295276, "row_index": 9, "col_index": 9, "jenis": "palm", "layer": "Clipped", "path": "Point?crs=EPSG:3857&field=id:long(0,0)&field=left:double(0,0)&field=top:double(0,0)&field=right:double(0,0)&field=bottom:double(0,0)&field=row_index:long(0,0)&field=col_index:long(0,0)&uid={bed13eea-f93b-4840-814e-e7b24049091d}" }, "geometry": { "type": "Point", "coordinates": [ 102.409553701840977, -4.048048734985476 ] } },
{ "type": "Feature", "properties": { "id": 317, "left": 11400179.370455341, "top": -451007.08934295276, "right": 11400184.370455341, "bottom": -451002.08934295276, "row_index": 10, "col_index": 9, "jenis": "palm", "layer": "Clipped", "path": "Point?crs=EPSG:3857&field=id:long(0,0)&field=left:double(0,0)&field=top:double(0,0)&field=right:double(0,0)&field=bottom:double(0,0)&field=row_index:long(0,0)&field=col_index:long(0,0)&uid={bed13eea-f93b-4840-814e-e7b24049091d}" }, "geometry": { "type": "Point", "coordinates": [ 102.409553701840977, -4.048093538692644 ] } },
{ "type": "Feature", "properties": { "id": 318, "left": 11400179.370455341, "top": -451012.08934295276, "right": 11400184.370455341, "bottom": -451007.08934295276, "row_index": 11, "col_index": 9, "jenis": "palm", "layer": "Clipped", "path": "Point?crs=EPSG:3857&field=id:long(0,0)&field=left:double(0,0)&field=top:double(0,0)&field=right:double(0,0)&field=bottom:double(0,0)&field=row_index:long(0,0)&field=col_index:long(0,0)&uid={bed13eea-f93b-4840-814e-e7b24049091d}" }, "geometry": { "type": "Point", "coordinates": [ 102.409553701840977, -4.048138342397333 ] } },
{ "type": "Feature", "properties": { "id": 319, "left": 11400179.370455341, "top": -451017.08934295276, "right": 11400184.370455341, "bottom": -451012.08934295276, "row_index": 12, "col_index": 9, "jenis": "palm", "layer": "Clipped", "path": "Point?crs=EPSG:3857&field=id:long(0,0)&field=left:double(0,0)&field=top:double(0,0)&field=right:double(0,0)&field=bottom:double(0,0)&field=row_index:long(0,0)&field=col_index:long(0,0)&uid={bed13eea-f93b-4840-814e-e7b24049091d}" }, "geometry": { "type": "Point", "coordinates": [ 102.409553701840977, -4.048183146099541 ] } },
{ "type": "Feature", "properties": { "id": 320, "left": 11400179.370455341, "top": -451022.08934295276, "right": 11400184.370455341, "bottom": -451017.08934295276, "row_index": 13, "col_index": 9, "jenis": "palm", "layer": "Clipped", "path": "Point?crs=EPSG:3857&field=id:long(0,0)&field=left:double(0,0)&field=top:double(0,0)&field=right:double(0,0)&field=bottom:double(0,0)&field=row_index:long(0,0)&field=col_index:long(0,0)&uid={bed13eea-f93b-4840-814e-e7b24049091d}" }, "geometry": { "type": "Point", "coordinates": [ 102.409553701840977, -4.04822794979927 ] } },
{ "type": "Feature", "properties": { "id": 321, "left": 11400179.370455341, "top": -451027.08934295276, "right": 11400184.370455341, "bottom": -451022.08934295276, "row_index": 14, "col_index": 9, "jenis": "palm", "layer": "Clipped", "path": "Point?crs=EPSG:3857&field=id:long(0,0)&field=left:double(0,0)&field=top:double(0,0)&field=right:double(0,0)&field=bottom:double(0,0)&field=row_index:long(0,0)&field=col_index:long(0,0)&uid={bed13eea-f93b-4840-814e-e7b24049091d}" }, "geometry": { "type": "Point", "coordinates": [ 102.409553701840977, -4.04827275349652 ] } },
{ "type": "Feature", "properties": { "id": 322, "left": 11400179.370455341, "top": -451032.08934295276, "right": 11400184.370455341, "bottom": -451027.08934295276, "row_index": 15, "col_index": 9, "jenis": "palm", "layer": "Clipped", "path": "Point?crs=EPSG:3857&field=id:long(0,0)&field=left:double(0,0)&field=top:double(0,0)&field=right:double(0,0)&field=bottom:double(0,0)&field=row_index:long(0,0)&field=col_index:long(0,0)&uid={bed13eea-f93b-4840-814e-e7b24049091d}" }, "geometry": { "type": "Point", "coordinates": [ 102.409553701840977, -4.04831755719129 ] } },
{ "type": "Feature", "properties": { "id": 323, "left": 11400179.370455341, "top": -451037.08934295276, "right": 11400184.370455341, "bottom": -451032.08934295276, "row_index": 16, "col_index": 9, "jenis": "palm", "layer": "Clipped", "path": "Point?crs=EPSG:3857&field=id:long(0,0)&field=left:double(0,0)&field=top:double(0,0)&field=right:double(0,0)&field=bottom:double(0,0)&field=row_index:long(0,0)&field=col_index:long(0,0)&uid={bed13eea-f93b-4840-814e-e7b24049091d}" }, "geometry": { "type": "Point", "coordinates": [ 102.409553701840977, -4.04836236088358 ] } },
{ "type": "Feature", "properties": { "id": 324, "left": 11400179.370455341, "top": -451042.08934295276, "right": 11400184.370455341, "bottom": -451037.08934295276, "row_index": 17, "col_index": 9, "jenis": "palm", "layer": "Clipped", "path": "Point?crs=EPSG:3857&field=id:long(0,0)&field=left:double(0,0)&field=top:double(0,0)&field=right:double(0,0)&field=bottom:double(0,0)&field=row_index:long(0,0)&field=col_index:long(0,0)&uid={bed13eea-f93b-4840-814e-e7b24049091d}" }, "geometry": { "type": "Point", "coordinates": [ 102.409553701840977, -4.048407164573391 ] } },
{ "type": "Feature", "properties": { "id": 325, "left": 11400179.370455341, "top": -451047.08934295276, "right": 11400184.370455341, "bottom": -451042.08934295276, "row_index": 18, "col_index": 9, "jenis": "palm", "layer": "Clipped", "path": "Point?crs=EPSG:3857&field=id:long(0,0)&field=left:double(0,0)&field=top:double(0,0)&field=right:double(0,0)&field=bottom:double(0,0)&field=row_index:long(0,0)&field=col_index:long(0,0)&uid={bed13eea-f93b-4840-814e-e7b24049091d}" }, "geometry": { "type": "Point", "coordinates": [ 102.409553701840977, -4.048451968260722 ] } },
{ "type": "Feature", "properties": { "id": 326, "left": 11400179.370455341, "top": -451052.08934295276, "right": 11400184.370455341, "bottom": -451047.08934295276, "row_index": 19, "col_index": 9, "jenis": "palm", "layer": "Clipped", "path": "Point?crs=EPSG:3857&field=id:long(0,0)&field=left:double(0,0)&field=top:double(0,0)&field=right:double(0,0)&field=bottom:double(0,0)&field=row_index:long(0,0)&field=col_index:long(0,0)&uid={bed13eea-f93b-4840-814e-e7b24049091d}" }, "geometry": { "type": "Point", "coordinates": [ 102.409553701840977, -4.048496771945573 ] } },
{ "type": "Feature", "properties": { "id": 327, "left": 11400179.370455341, "top": -451057.08934295276, "right": 11400184.370455341, "bottom": -451052.08934295276, "row_index": 20, "col_index": 9, "jenis": "palm", "layer": "Clipped", "path": "Point?crs=EPSG:3857&field=id:long(0,0)&field=left:double(0,0)&field=top:double(0,0)&field=right:double(0,0)&field=bottom:double(0,0)&field=row_index:long(0,0)&field=col_index:long(0,0)&uid={bed13eea-f93b-4840-814e-e7b24049091d}" }, "geometry": { "type": "Point", "coordinates": [ 102.409553701840977, -4.048541575627945 ] } },
{ "type": "Feature", "properties": { "id": 328, "left": 11400179.370455341, "top": -451062.08934295276, "right": 11400184.370455341, "bottom": -451057.08934295276, "row_index": 21, "col_index": 9, "jenis": "palm", "layer": "Clipped", "path": "Point?crs=EPSG:3857&field=id:long(0,0)&field=left:double(0,0)&field=top:double(0,0)&field=right:double(0,0)&field=bottom:double(0,0)&field=row_index:long(0,0)&field=col_index:long(0,0)&uid={bed13eea-f93b-4840-814e-e7b24049091d}" }, "geometry": { "type": "Point", "coordinates": [ 102.409553701840977, -4.048586379307837 ] } },
{ "type": "Feature", "properties": { "id": 329, "left": 11400179.370455341, "top": -451067.08934295276, "right": 11400184.370455341, "bottom": -451062.08934295276, "row_index": 22, "col_index": 9, "jenis": "palm", "layer": "Clipped", "path": "Point?crs=EPSG:3857&field=id:long(0,0)&field=left:double(0,0)&field=top:double(0,0)&field=right:double(0,0)&field=bottom:double(0,0)&field=row_index:long(0,0)&field=col_index:long(0,0)&uid={bed13eea-f93b-4840-814e-e7b24049091d}" }, "geometry": { "type": "Point", "coordinates": [ 102.409553701840977, -4.048631182985249 ] } },
{ "type": "Feature", "properties": { "id": 330, "left": 11400179.370455341, "top": -451072.08934295276, "right": 11400184.370455341, "bottom": -451067.08934295276, "row_index": 23, "col_index": 9, "jenis": "palm", "layer": "Clipped", "path": "Point?crs=EPSG:3857&field=id:long(0,0)&field=left:double(0,0)&field=top:double(0,0)&field=right:double(0,0)&field=bottom:double(0,0)&field=row_index:long(0,0)&field=col_index:long(0,0)&uid={bed13eea-f93b-4840-814e-e7b24049091d}" }, "geometry": { "type": "Point", "coordinates": [ 102.409553701840977, -4.048675986660182 ] } },
{ "type": "Feature", "properties": { "id": 331, "left": 11400179.370455341, "top": -451077.08934295276, "right": 11400184.370455341, "bottom": -451072.08934295276, "row_index": 24, "col_index": 9, "jenis": "palm", "layer": "Clipped", "path": "Point?crs=EPSG:3857&field=id:long(0,0)&field=left:double(0,0)&field=top:double(0,0)&field=right:double(0,0)&field=bottom:double(0,0)&field=row_index:long(0,0)&field=col_index:long(0,0)&uid={bed13eea-f93b-4840-814e-e7b24049091d}" }, "geometry": { "type": "Point", "coordinates": [ 102.409553701840977, -4.048720790332635 ] } },
{ "type": "Feature", "properties": { "id": 332, "left": 11400179.370455341, "top": -451082.08934295276, "right": 11400184.370455341, "bottom": -451077.08934295276, "row_index": 25, "col_index": 9, "jenis": "palm", "layer": "Clipped", "path": "Point?crs=EPSG:3857&field=id:long(0,0)&field=left:double(0,0)&field=top:double(0,0)&field=right:double(0,0)&field=bottom:double(0,0)&field=row_index:long(0,0)&field=col_index:long(0,0)&uid={bed13eea-f93b-4840-814e-e7b24049091d}" }, "geometry": { "type": "Point", "coordinates": [ 102.409553701840977, -4.048765594002607 ] } },
{ "type": "Feature", "properties": { "id": 333, "left": 11400179.370455341, "top": -451087.08934295276, "right": 11400184.370455341, "bottom": -451082.08934295276, "row_index": 26, "col_index": 9, "jenis": "palm", "layer": "Clipped", "path": "Point?crs=EPSG:3857&field=id:long(0,0)&field=left:double(0,0)&field=top:double(0,0)&field=right:double(0,0)&field=bottom:double(0,0)&field=row_index:long(0,0)&field=col_index:long(0,0)&uid={bed13eea-f93b-4840-814e-e7b24049091d}" }, "geometry": { "type": "Point", "coordinates": [ 102.409553701840977, -4.048810397670101 ] } },
{ "type": "Feature", "properties": { "id": 334, "left": 11400179.370455341, "top": -451092.08934295276, "right": 11400184.370455341, "bottom": -451087.08934295276, "row_index": 27, "col_index": 9, "jenis": "palm", "layer": "Clipped", "path": "Point?crs=EPSG:3857&field=id:long(0,0)&field=left:double(0,0)&field=top:double(0,0)&field=right:double(0,0)&field=bottom:double(0,0)&field=row_index:long(0,0)&field=col_index:long(0,0)&uid={bed13eea-f93b-4840-814e-e7b24049091d}" }, "geometry": { "type": "Point", "coordinates": [ 102.409553701840977, -4.048855201335114 ] } },
{ "type": "Feature", "properties": { "id": 353, "left": 11400184.370455341, "top": -451017.08934295276, "right": 11400189.370455341, "bottom": -451012.08934295276, "row_index": 12, "col_index": 10, "jenis": "palm", "layer": "Clipped", "path": "Point?crs=EPSG:3857&field=id:long(0,0)&field=left:double(0,0)&field=top:double(0,0)&field=right:double(0,0)&field=bottom:double(0,0)&field=row_index:long(0,0)&field=col_index:long(0,0)&uid={bed13eea-f93b-4840-814e-e7b24049091d}" }, "geometry": { "type": "Point", "coordinates": [ 102.40959861760517, -4.048183146099541 ] } },
{ "type": "Feature", "properties": { "id": 354, "left": 11400184.370455341, "top": -451022.08934295276, "right": 11400189.370455341, "bottom": -451017.08934295276, "row_index": 13, "col_index": 10, "jenis": "palm", "layer": "Clipped", "path": "Point?crs=EPSG:3857&field=id:long(0,0)&field=left:double(0,0)&field=top:double(0,0)&field=right:double(0,0)&field=bottom:double(0,0)&field=row_index:long(0,0)&field=col_index:long(0,0)&uid={bed13eea-f93b-4840-814e-e7b24049091d}" }, "geometry": { "type": "Point", "coordinates": [ 102.40959861760517, -4.04822794979927 ] } },
{ "type": "Feature", "properties": { "id": 355, "left": 11400184.370455341, "top": -451027.08934295276, "right": 11400189.370455341, "bottom": -451022.08934295276, "row_index": 14, "col_index": 10, "jenis": "palm", "layer": "Clipped", "path": "Point?crs=EPSG:3857&field=id:long(0,0)&field=left:double(0,0)&field=top:double(0,0)&field=right:double(0,0)&field=bottom:double(0,0)&field=row_index:long(0,0)&field=col_index:long(0,0)&uid={bed13eea-f93b-4840-814e-e7b24049091d}" }, "geometry": { "type": "Point", "coordinates": [ 102.40959861760517, -4.04827275349652 ] } },
{ "type": "Feature", "properties": { "id": 356, "left": 11400184.370455341, "top": -451032.08934295276, "right": 11400189.370455341, "bottom": -451027.08934295276, "row_index": 15, "col_index": 10, "jenis": "palm", "layer": "Clipped", "path": "Point?crs=EPSG:3857&field=id:long(0,0)&field=left:double(0,0)&field=top:double(0,0)&field=right:double(0,0)&field=bottom:double(0,0)&field=row_index:long(0,0)&field=col_index:long(0,0)&uid={bed13eea-f93b-4840-814e-e7b24049091d}" }, "geometry": { "type": "Point", "coordinates": [ 102.40959861760517, -4.04831755719129 ] } },
{ "type": "Feature", "properties": { "id": 357, "left": 11400184.370455341, "top": -451037.08934295276, "right": 11400189.370455341, "bottom": -451032.08934295276, "row_index": 16, "col_index": 10, "jenis": "palm", "layer": "Clipped", "path": "Point?crs=EPSG:3857&field=id:long(0,0)&field=left:double(0,0)&field=top:double(0,0)&field=right:double(0,0)&field=bottom:double(0,0)&field=row_index:long(0,0)&field=col_index:long(0,0)&uid={bed13eea-f93b-4840-814e-e7b24049091d}" }, "geometry": { "type": "Point", "coordinates": [ 102.40959861760517, -4.04836236088358 ] } },
{ "type": "Feature", "properties": { "id": 358, "left": 11400184.370455341, "top": -451042.08934295276, "right": 11400189.370455341, "bottom": -451037.08934295276, "row_index": 17, "col_index": 10, "jenis": "palm", "layer": "Clipped", "path": "Point?crs=EPSG:3857&field=id:long(0,0)&field=left:double(0,0)&field=top:double(0,0)&field=right:double(0,0)&field=bottom:double(0,0)&field=row_index:long(0,0)&field=col_index:long(0,0)&uid={bed13eea-f93b-4840-814e-e7b24049091d}" }, "geometry": { "type": "Point", "coordinates": [ 102.40959861760517, -4.048407164573391 ] } },
{ "type": "Feature", "properties": { "id": 359, "left": 11400184.370455341, "top": -451047.08934295276, "right": 11400189.370455341, "bottom": -451042.08934295276, "row_index": 18, "col_index": 10, "jenis": "palm", "layer": "Clipped", "path": "Point?crs=EPSG:3857&field=id:long(0,0)&field=left:double(0,0)&field=top:double(0,0)&field=right:double(0,0)&field=bottom:double(0,0)&field=row_index:long(0,0)&field=col_index:long(0,0)&uid={bed13eea-f93b-4840-814e-e7b24049091d}" }, "geometry": { "type": "Point", "coordinates": [ 102.40959861760517, -4.048451968260722 ] } },
{ "type": "Feature", "properties": { "id": 360, "left": 11400184.370455341, "top": -451052.08934295276, "right": 11400189.370455341, "bottom": -451047.08934295276, "row_index": 19, "col_index": 10, "jenis": "palm", "layer": "Clipped", "path": "Point?crs=EPSG:3857&field=id:long(0,0)&field=left:double(0,0)&field=top:double(0,0)&field=right:double(0,0)&field=bottom:double(0,0)&field=row_index:long(0,0)&field=col_index:long(0,0)&uid={bed13eea-f93b-4840-814e-e7b24049091d}" }, "geometry": { "type": "Point", "coordinates": [ 102.40959861760517, -4.048496771945573 ] } },
{ "type": "Feature", "properties": { "id": 361, "left": 11400184.370455341, "top": -451057.08934295276, "right": 11400189.370455341, "bottom": -451052.08934295276, "row_index": 20, "col_index": 10, "jenis": "palm", "layer": "Clipped", "path": "Point?crs=EPSG:3857&field=id:long(0,0)&field=left:double(0,0)&field=top:double(0,0)&field=right:double(0,0)&field=bottom:double(0,0)&field=row_index:long(0,0)&field=col_index:long(0,0)&uid={bed13eea-f93b-4840-814e-e7b24049091d}" }, "geometry": { "type": "Point", "coordinates": [ 102.40959861760517, -4.048541575627945 ] } },
{ "type": "Feature", "properties": { "id": 362, "left": 11400184.370455341, "top": -451062.08934295276, "right": 11400189.370455341, "bottom": -451057.08934295276, "row_index": 21, "col_index": 10, "jenis": "palm", "layer": "Clipped", "path": "Point?crs=EPSG:3857&field=id:long(0,0)&field=left:double(0,0)&field=top:double(0,0)&field=right:double(0,0)&field=bottom:double(0,0)&field=row_index:long(0,0)&field=col_index:long(0,0)&uid={bed13eea-f93b-4840-814e-e7b24049091d}" }, "geometry": { "type": "Point", "coordinates": [ 102.40959861760517, -4.048586379307837 ] } },
{ "type": "Feature", "properties": { "id": 363, "left": 11400184.370455341, "top": -451067.08934295276, "right": 11400189.370455341, "bottom": -451062.08934295276, "row_index": 22, "col_index": 10, "jenis": "palm", "layer": "Clipped", "path": "Point?crs=EPSG:3857&field=id:long(0,0)&field=left:double(0,0)&field=top:double(0,0)&field=right:double(0,0)&field=bottom:double(0,0)&field=row_index:long(0,0)&field=col_index:long(0,0)&uid={bed13eea-f93b-4840-814e-e7b24049091d}" }, "geometry": { "type": "Point", "coordinates": [ 102.40959861760517, -4.048631182985249 ] } },
{ "type": "Feature", "properties": { "id": 364, "left": 11400184.370455341, "top": -451072.08934295276, "right": 11400189.370455341, "bottom": -451067.08934295276, "row_index": 23, "col_index": 10, "jenis": "palm", "layer": "Clipped", "path": "Point?crs=EPSG:3857&field=id:long(0,0)&field=left:double(0,0)&field=top:double(0,0)&field=right:double(0,0)&field=bottom:double(0,0)&field=row_index:long(0,0)&field=col_index:long(0,0)&uid={bed13eea-f93b-4840-814e-e7b24049091d}" }, "geometry": { "type": "Point", "coordinates": [ 102.40959861760517, -4.048675986660182 ] } },
{ "type": "Feature", "properties": { "id": 365, "left": 11400184.370455341, "top": -451077.08934295276, "right": 11400189.370455341, "bottom": -451072.08934295276, "row_index": 24, "col_index": 10, "jenis": "palm", "layer": "Clipped", "path": "Point?crs=EPSG:3857&field=id:long(0,0)&field=left:double(0,0)&field=top:double(0,0)&field=right:double(0,0)&field=bottom:double(0,0)&field=row_index:long(0,0)&field=col_index:long(0,0)&uid={bed13eea-f93b-4840-814e-e7b24049091d}" }, "geometry": { "type": "Point", "coordinates": [ 102.40959861760517, -4.048720790332635 ] } },
{ "type": "Feature", "properties": { "id": 366, "left": 11400184.370455341, "top": -451082.08934295276, "right": 11400189.370455341, "bottom": -451077.08934295276, "row_index": 25, "col_index": 10, "jenis": "palm", "layer": "Clipped", "path": "Point?crs=EPSG:3857&field=id:long(0,0)&field=left:double(0,0)&field=top:double(0,0)&field=right:double(0,0)&field=bottom:double(0,0)&field=row_index:long(0,0)&field=col_index:long(0,0)&uid={bed13eea-f93b-4840-814e-e7b24049091d}" }, "geometry": { "type": "Point", "coordinates": [ 102.40959861760517, -4.048765594002607 ] } },
{ "type": "Feature", "properties": { "id": 389, "left": 11400189.370455341, "top": -451027.08934295276, "right": 11400194.370455341, "bottom": -451022.08934295276, "row_index": 14, "col_index": 11, "jenis": "palm", "layer": "Clipped", "path": "Point?crs=EPSG:3857&field=id:long(0,0)&field=left:double(0,0)&field=top:double(0,0)&field=right:double(0,0)&field=bottom:double(0,0)&field=row_index:long(0,0)&field=col_index:long(0,0)&uid={bed13eea-f93b-4840-814e-e7b24049091d}" }, "geometry": { "type": "Point", "coordinates": [ 102.409643533369376, -4.04827275349652 ] } },
{ "type": "Feature", "properties": { "id": 390, "left": 11400189.370455341, "top": -451032.08934295276, "right": 11400194.370455341, "bottom": -451027.08934295276, "row_index": 15, "col_index": 11, "jenis": "palm", "layer": "Clipped", "path": "Point?crs=EPSG:3857&field=id:long(0,0)&field=left:double(0,0)&field=top:double(0,0)&field=right:double(0,0)&field=bottom:double(0,0)&field=row_index:long(0,0)&field=col_index:long(0,0)&uid={bed13eea-f93b-4840-814e-e7b24049091d}" }, "geometry": { "type": "Point", "coordinates": [ 102.409643533369376, -4.04831755719129 ] } },
{ "type": "Feature", "properties": { "id": 391, "left": 11400189.370455341, "top": -451037.08934295276, "right": 11400194.370455341, "bottom": -451032.08934295276, "row_index": 16, "col_index": 11, "jenis": "palm", "layer": "Clipped", "path": "Point?crs=EPSG:3857&field=id:long(0,0)&field=left:double(0,0)&field=top:double(0,0)&field=right:double(0,0)&field=bottom:double(0,0)&field=row_index:long(0,0)&field=col_index:long(0,0)&uid={bed13eea-f93b-4840-814e-e7b24049091d}" }, "geometry": { "type": "Point", "coordinates": [ 102.409643533369376, -4.04836236088358 ] } },
{ "type": "Feature", "properties": { "id": 392, "left": 11400189.370455341, "top": -451042.08934295276, "right": 11400194.370455341, "bottom": -451037.08934295276, "row_index": 17, "col_index": 11, "jenis": "palm", "layer": "Clipped", "path": "Point?crs=EPSG:3857&field=id:long(0,0)&field=left:double(0,0)&field=top:double(0,0)&field=right:double(0,0)&field=bottom:double(0,0)&field=row_index:long(0,0)&field=col_index:long(0,0)&uid={bed13eea-f93b-4840-814e-e7b24049091d}" }, "geometry": { "type": "Point", "coordinates": [ 102.409643533369376, -4.048407164573391 ] } },
{ "type": "Feature", "properties": { "id": 393, "left": 11400189.370455341, "top": -451047.08934295276, "right": 11400194.370455341, "bottom": -451042.08934295276, "row_index": 18, "col_index": 11, "jenis": "palm", "layer": "Clipped", "path": "Point?crs=EPSG:3857&field=id:long(0,0)&field=left:double(0,0)&field=top:double(0,0)&field=right:double(0,0)&field=bottom:double(0,0)&field=row_index:long(0,0)&field=col_index:long(0,0)&uid={bed13eea-f93b-4840-814e-e7b24049091d}" }, "geometry": { "type": "Point", "coordinates": [ 102.409643533369376, -4.048451968260722 ] } },
{ "type": "Feature", "properties": { "id": 394, "left": 11400189.370455341, "top": -451052.08934295276, "right": 11400194.370455341, "bottom": -451047.08934295276, "row_index": 19, "col_index": 11, "jenis": "palm", "layer": "Clipped", "path": "Point?crs=EPSG:3857&field=id:long(0,0)&field=left:double(0,0)&field=top:double(0,0)&field=right:double(0,0)&field=bottom:double(0,0)&field=row_index:long(0,0)&field=col_index:long(0,0)&uid={bed13eea-f93b-4840-814e-e7b24049091d}" }, "geometry": { "type": "Point", "coordinates": [ 102.409643533369376, -4.048496771945573 ] } },
{ "type": "Feature", "properties": { "id": 395, "left": 11400189.370455341, "top": -451057.08934295276, "right": 11400194.370455341, "bottom": -451052.08934295276, "row_index": 20, "col_index": 11, "jenis": "palm", "layer": "Clipped", "path": "Point?crs=EPSG:3857&field=id:long(0,0)&field=left:double(0,0)&field=top:double(0,0)&field=right:double(0,0)&field=bottom:double(0,0)&field=row_index:long(0,0)&field=col_index:long(0,0)&uid={bed13eea-f93b-4840-814e-e7b24049091d}" }, "geometry": { "type": "Point", "coordinates": [ 102.409643533369376, -4.048541575627945 ] } },
{ "type": "Feature", "properties": { "id": 396, "left": 11400189.370455341, "top": -451062.08934295276, "right": 11400194.370455341, "bottom": -451057.08934295276, "row_index": 21, "col_index": 11, "jenis": "palm", "layer": "Clipped", "path": "Point?crs=EPSG:3857&field=id:long(0,0)&field=left:double(0,0)&field=top:double(0,0)&field=right:double(0,0)&field=bottom:double(0,0)&field=row_index:long(0,0)&field=col_index:long(0,0)&uid={bed13eea-f93b-4840-814e-e7b24049091d}" }, "geometry": { "type": "Point", "coordinates": [ 102.409643533369376, -4.048586379307837 ] } },
{ "type": "Feature", "properties": { "id": 397, "left": 11400189.370455341, "top": -451067.08934295276, "right": 11400194.370455341, "bottom": -451062.08934295276, "row_index": 22, "col_index": 11, "jenis": "palm", "layer": "Clipped", "path": "Point?crs=EPSG:3857&field=id:long(0,0)&field=left:double(0,0)&field=top:double(0,0)&field=right:double(0,0)&field=bottom:double(0,0)&field=row_index:long(0,0)&field=col_index:long(0,0)&uid={bed13eea-f93b-4840-814e-e7b24049091d}" }, "geometry": { "type": "Point", "coordinates": [ 102.409643533369376, -4.048631182985249 ] } },
{ "type": "Feature", "properties": { "id": 398, "left": 11400189.370455341, "top": -451072.08934295276, "right": 11400194.370455341, "bottom": -451067.08934295276, "row_index": 23, "col_index": 11, "jenis": "palm", "layer": "Clipped", "path": "Point?crs=EPSG:3857&field=id:long(0,0)&field=left:double(0,0)&field=top:double(0,0)&field=right:double(0,0)&field=bottom:double(0,0)&field=row_index:long(0,0)&field=col_index:long(0,0)&uid={bed13eea-f93b-4840-814e-e7b24049091d}" }, "geometry": { "type": "Point", "coordinates": [ 102.409643533369376, -4.048675986660182 ] } },
{ "type": "Feature", "properties": { "id": 399, "left": 11400189.370455341, "top": -451077.08934295276, "right": 11400194.370455341, "bottom": -451072.08934295276, "row_index": 24, "col_index": 11, "jenis": "palm", "layer": "Clipped", "path": "Point?crs=EPSG:3857&field=id:long(0,0)&field=left:double(0,0)&field=top:double(0,0)&field=right:double(0,0)&field=bottom:double(0,0)&field=row_index:long(0,0)&field=col_index:long(0,0)&uid={bed13eea-f93b-4840-814e-e7b24049091d}" }, "geometry": { "type": "Point", "coordinates": [ 102.409643533369376, -4.048720790332635 ] } },
{ "type": "Feature", "properties": { "id": 400, "left": 11400189.370455341, "top": -451082.08934295276, "right": 11400194.370455341, "bottom": -451077.08934295276, "row_index": 25, "col_index": 11, "jenis": "palm", "layer": "Clipped", "path": "Point?crs=EPSG:3857&field=id:long(0,0)&field=left:double(0,0)&field=top:double(0,0)&field=right:double(0,0)&field=bottom:double(0,0)&field=row_index:long(0,0)&field=col_index:long(0,0)&uid={bed13eea-f93b-4840-814e-e7b24049091d}" }, "geometry": { "type": "Point", "coordinates": [ 102.409643533369376, -4.048765594002607 ] } },
{ "type": "Feature", "properties": { "id": 424, "left": 11400194.370455341, "top": -451032.08934295276, "right": 11400199.370455341, "bottom": -451027.08934295276, "row_index": 15, "col_index": 12, "jenis": "palm", "layer": "Clipped", "path": "Point?crs=EPSG:3857&field=id:long(0,0)&field=left:double(0,0)&field=top:double(0,0)&field=right:double(0,0)&field=bottom:double(0,0)&field=row_index:long(0,0)&field=col_index:long(0,0)&uid={bed13eea-f93b-4840-814e-e7b24049091d}" }, "geometry": { "type": "Point", "coordinates": [ 102.409688449133583, -4.04831755719129 ] } },
{ "type": "Feature", "properties": { "id": 425, "left": 11400194.370455341, "top": -451037.08934295276, "right": 11400199.370455341, "bottom": -451032.08934295276, "row_index": 16, "col_index": 12, "jenis": "palm", "layer": "Clipped", "path": "Point?crs=EPSG:3857&field=id:long(0,0)&field=left:double(0,0)&field=top:double(0,0)&field=right:double(0,0)&field=bottom:double(0,0)&field=row_index:long(0,0)&field=col_index:long(0,0)&uid={bed13eea-f93b-4840-814e-e7b24049091d}" }, "geometry": { "type": "Point", "coordinates": [ 102.409688449133583, -4.04836236088358 ] } },
{ "type": "Feature", "properties": { "id": 426, "left": 11400194.370455341, "top": -451042.08934295276, "right": 11400199.370455341, "bottom": -451037.08934295276, "row_index": 17, "col_index": 12, "jenis": "palm", "layer": "Clipped", "path": "Point?crs=EPSG:3857&field=id:long(0,0)&field=left:double(0,0)&field=top:double(0,0)&field=right:double(0,0)&field=bottom:double(0,0)&field=row_index:long(0,0)&field=col_index:long(0,0)&uid={bed13eea-f93b-4840-814e-e7b24049091d}" }, "geometry": { "type": "Point", "coordinates": [ 102.409688449133583, -4.048407164573391 ] } },
{ "type": "Feature", "properties": { "id": 427, "left": 11400194.370455341, "top": -451047.08934295276, "right": 11400199.370455341, "bottom": -451042.08934295276, "row_index": 18, "col_index": 12, "jenis": "palm", "layer": "Clipped", "path": "Point?crs=EPSG:3857&field=id:long(0,0)&field=left:double(0,0)&field=top:double(0,0)&field=right:double(0,0)&field=bottom:double(0,0)&field=row_index:long(0,0)&field=col_index:long(0,0)&uid={bed13eea-f93b-4840-814e-e7b24049091d}" }, "geometry": { "type": "Point", "coordinates": [ 102.409688449133583, -4.048451968260722 ] } },
{ "type": "Feature", "properties": { "id": 428, "left": 11400194.370455341, "top": -451052.08934295276, "right": 11400199.370455341, "bottom": -451047.08934295276, "row_index": 19, "col_index": 12, "jenis": "palm", "layer": "Clipped", "path": "Point?crs=EPSG:3857&field=id:long(0,0)&field=left:double(0,0)&field=top:double(0,0)&field=right:double(0,0)&field=bottom:double(0,0)&field=row_index:long(0,0)&field=col_index:long(0,0)&uid={bed13eea-f93b-4840-814e-e7b24049091d}" }, "geometry": { "type": "Point", "coordinates": [ 102.409688449133583, -4.048496771945573 ] } },
{ "type": "Feature", "properties": { "id": 429, "left": 11400194.370455341, "top": -451057.08934295276, "right": 11400199.370455341, "bottom": -451052.08934295276, "row_index": 20, "col_index": 12, "jenis": "palm", "layer": "Clipped", "path": "Point?crs=EPSG:3857&field=id:long(0,0)&field=left:double(0,0)&field=top:double(0,0)&field=right:double(0,0)&field=bottom:double(0,0)&field=row_index:long(0,0)&field=col_index:long(0,0)&uid={bed13eea-f93b-4840-814e-e7b24049091d}" }, "geometry": { "type": "Point", "coordinates": [ 102.409688449133583, -4.048541575627945 ] } },
{ "type": "Feature", "properties": { "id": 430, "left": 11400194.370455341, "top": -451062.08934295276, "right": 11400199.370455341, "bottom": -451057.08934295276, "row_index": 21, "col_index": 12, "jenis": "palm", "layer": "Clipped", "path": "Point?crs=EPSG:3857&field=id:long(0,0)&field=left:double(0,0)&field=top:double(0,0)&field=right:double(0,0)&field=bottom:double(0,0)&field=row_index:long(0,0)&field=col_index:long(0,0)&uid={bed13eea-f93b-4840-814e-e7b24049091d}" }, "geometry": { "type": "Point", "coordinates": [ 102.409688449133583, -4.048586379307837 ] } },
{ "type": "Feature", "properties": { "id": 431, "left": 11400194.370455341, "top": -451067.08934295276, "right": 11400199.370455341, "bottom": -451062.08934295276, "row_index": 22, "col_index": 12, "jenis": "palm", "layer": "Clipped", "path": "Point?crs=EPSG:3857&field=id:long(0,0)&field=left:double(0,0)&field=top:double(0,0)&field=right:double(0,0)&field=bottom:double(0,0)&field=row_index:long(0,0)&field=col_index:long(0,0)&uid={bed13eea-f93b-4840-814e-e7b24049091d}" }, "geometry": { "type": "Point", "coordinates": [ 102.409688449133583, -4.048631182985249 ] } },
{ "type": "Feature", "properties": { "id": 432, "left": 11400194.370455341, "top": -451072.08934295276, "right": 11400199.370455341, "bottom": -451067.08934295276, "row_index": 23, "col_index": 12, "jenis": "palm", "layer": "Clipped", "path": "Point?crs=EPSG:3857&field=id:long(0,0)&field=left:double(0,0)&field=top:double(0,0)&field=right:double(0,0)&field=bottom:double(0,0)&field=row_index:long(0,0)&field=col_index:long(0,0)&uid={bed13eea-f93b-4840-814e-e7b24049091d}" }, "geometry": { "type": "Point", "coordinates": [ 102.409688449133583, -4.048675986660182 ] } },
{ "type": "Feature", "properties": { "id": 433, "left": 11400194.370455341, "top": -451077.08934295276, "right": 11400199.370455341, "bottom": -451072.08934295276, "row_index": 24, "col_index": 12, "jenis": "palm", "layer": "Clipped", "path": "Point?crs=EPSG:3857&field=id:long(0,0)&field=left:double(0,0)&field=top:double(0,0)&field=right:double(0,0)&field=bottom:double(0,0)&field=row_index:long(0,0)&field=col_index:long(0,0)&uid={bed13eea-f93b-4840-814e-e7b24049091d}" }, "geometry": { "type": "Point", "coordinates": [ 102.409688449133583, -4.048720790332635 ] } },
{ "type": "Feature", "properties": { "id": 434, "left": 11400194.370455341, "top": -451082.08934295276, "right": 11400199.370455341, "bottom": -451077.08934295276, "row_index": 25, "col_index": 12, "jenis": "palm", "layer": "Clipped", "path": "Point?crs=EPSG:3857&field=id:long(0,0)&field=left:double(0,0)&field=top:double(0,0)&field=right:double(0,0)&field=bottom:double(0,0)&field=row_index:long(0,0)&field=col_index:long(0,0)&uid={bed13eea-f93b-4840-814e-e7b24049091d}" }, "geometry": { "type": "Point", "coordinates": [ 102.409688449133583, -4.048765594002607 ] } },
{ "type": "Feature", "properties": { "id": 459, "left": 11400199.370455341, "top": -451037.08934295276, "right": 11400204.370455341, "bottom": -451032.08934295276, "row_index": 16, "col_index": 13, "jenis": "palm", "layer": "Clipped", "path": "Point?crs=EPSG:3857&field=id:long(0,0)&field=left:double(0,0)&field=top:double(0,0)&field=right:double(0,0)&field=bottom:double(0,0)&field=row_index:long(0,0)&field=col_index:long(0,0)&uid={bed13eea-f93b-4840-814e-e7b24049091d}" }, "geometry": { "type": "Point", "coordinates": [ 102.409733364897789, -4.04836236088358 ] } },
{ "type": "Feature", "properties": { "id": 460, "left": 11400199.370455341, "top": -451042.08934295276, "right": 11400204.370455341, "bottom": -451037.08934295276, "row_index": 17, "col_index": 13, "jenis": "palm", "layer": "Clipped", "path": "Point?crs=EPSG:3857&field=id:long(0,0)&field=left:double(0,0)&field=top:double(0,0)&field=right:double(0,0)&field=bottom:double(0,0)&field=row_index:long(0,0)&field=col_index:long(0,0)&uid={bed13eea-f93b-4840-814e-e7b24049091d}" }, "geometry": { "type": "Point", "coordinates": [ 102.409733364897789, -4.048407164573391 ] } },
{ "type": "Feature", "properties": { "id": 461, "left": 11400199.370455341, "top": -451047.08934295276, "right": 11400204.370455341, "bottom": -451042.08934295276, "row_index": 18, "col_index": 13, "jenis": "palm", "layer": "Clipped", "path": "Point?crs=EPSG:3857&field=id:long(0,0)&field=left:double(0,0)&field=top:double(0,0)&field=right:double(0,0)&field=bottom:double(0,0)&field=row_index:long(0,0)&field=col_index:long(0,0)&uid={bed13eea-f93b-4840-814e-e7b24049091d}" }, "geometry": { "type": "Point", "coordinates": [ 102.409733364897789, -4.048451968260722 ] } },
{ "type": "Feature", "properties": { "id": 462, "left": 11400199.370455341, "top": -451052.08934295276, "right": 11400204.370455341, "bottom": -451047.08934295276, "row_index": 19, "col_index": 13, "jenis": "palm", "layer": "Clipped", "path": "Point?crs=EPSG:3857&field=id:long(0,0)&field=left:double(0,0)&field=top:double(0,0)&field=right:double(0,0)&field=bottom:double(0,0)&field=row_index:long(0,0)&field=col_index:long(0,0)&uid={bed13eea-f93b-4840-814e-e7b24049091d}" }, "geometry": { "type": "Point", "coordinates": [ 102.409733364897789, -4.048496771945573 ] } },
{ "type": "Feature", "properties": { "id": 463, "left": 11400199.370455341, "top": -451057.08934295276, "right": 11400204.370455341, "bottom": -451052.08934295276, "row_index": 20, "col_index": 13, "jenis": "palm", "layer": "Clipped", "path": "Point?crs=EPSG:3857&field=id:long(0,0)&field=left:double(0,0)&field=top:double(0,0)&field=right:double(0,0)&field=bottom:double(0,0)&field=row_index:long(0,0)&field=col_index:long(0,0)&uid={bed13eea-f93b-4840-814e-e7b24049091d}" }, "geometry": { "type": "Point", "coordinates": [ 102.409733364897789, -4.048541575627945 ] } },
{ "type": "Feature", "properties": { "id": 464, "left": 11400199.370455341, "top": -451062.08934295276, "right": 11400204.370455341, "bottom": -451057.08934295276, "row_index": 21, "col_index": 13, "jenis": "palm", "layer": "Clipped", "path": "Point?crs=EPSG:3857&field=id:long(0,0)&field=left:double(0,0)&field=top:double(0,0)&field=right:double(0,0)&field=bottom:double(0,0)&field=row_index:long(0,0)&field=col_index:long(0,0)&uid={bed13eea-f93b-4840-814e-e7b24049091d}" }, "geometry": { "type": "Point", "coordinates": [ 102.409733364897789, -4.048586379307837 ] } },
{ "type": "Feature", "properties": { "id": 465, "left": 11400199.370455341, "top": -451067.08934295276, "right": 11400204.370455341, "bottom": -451062.08934295276, "row_index": 22, "col_index": 13, "jenis": "palm", "layer": "Clipped", "path": "Point?crs=EPSG:3857&field=id:long(0,0)&field=left:double(0,0)&field=top:double(0,0)&field=right:double(0,0)&field=bottom:double(0,0)&field=row_index:long(0,0)&field=col_index:long(0,0)&uid={bed13eea-f93b-4840-814e-e7b24049091d}" }, "geometry": { "type": "Point", "coordinates": [ 102.409733364897789, -4.048631182985249 ] } },
{ "type": "Feature", "properties": { "id": 466, "left": 11400199.370455341, "top": -451072.08934295276, "right": 11400204.370455341, "bottom": -451067.08934295276, "row_index": 23, "col_index": 13, "jenis": "palm", "layer": "Clipped", "path": "Point?crs=EPSG:3857&field=id:long(0,0)&field=left:double(0,0)&field=top:double(0,0)&field=right:double(0,0)&field=bottom:double(0,0)&field=row_index:long(0,0)&field=col_index:long(0,0)&uid={bed13eea-f93b-4840-814e-e7b24049091d}" }, "geometry": { "type": "Point", "coordinates": [ 102.409733364897789, -4.048675986660182 ] } },
{ "type": "Feature", "properties": { "id": 467, "left": 11400199.370455341, "top": -451077.08934295276, "right": 11400204.370455341, "bottom": -451072.08934295276, "row_index": 24, "col_index": 13, "jenis": "palm", "layer": "Clipped", "path": "Point?crs=EPSG:3857&field=id:long(0,0)&field=left:double(0,0)&field=top:double(0,0)&field=right:double(0,0)&field=bottom:double(0,0)&field=row_index:long(0,0)&field=col_index:long(0,0)&uid={bed13eea-f93b-4840-814e-e7b24049091d}" }, "geometry": { "type": "Point", "coordinates": [ 102.409733364897789, -4.048720790332635 ] } },
{ "type": "Feature", "properties": { "id": 468, "left": 11400199.370455341, "top": -451082.08934295276, "right": 11400204.370455341, "bottom": -451077.08934295276, "row_index": 25, "col_index": 13, "jenis": "palm", "layer": "Clipped", "path": "Point?crs=EPSG:3857&field=id:long(0,0)&field=left:double(0,0)&field=top:double(0,0)&field=right:double(0,0)&field=bottom:double(0,0)&field=row_index:long(0,0)&field=col_index:long(0,0)&uid={bed13eea-f93b-4840-814e-e7b24049091d}" }, "geometry": { "type": "Point", "coordinates": [ 102.409733364897789, -4.048765594002607 ] } },
{ "type": "Feature", "properties": { "id": 494, "left": 11400204.370455341, "top": -451042.08934295276, "right": 11400209.370455341, "bottom": -451037.08934295276, "row_index": 17, "col_index": 14, "jenis": "palm", "layer": "Clipped", "path": "Point?crs=EPSG:3857&field=id:long(0,0)&field=left:double(0,0)&field=top:double(0,0)&field=right:double(0,0)&field=bottom:double(0,0)&field=row_index:long(0,0)&field=col_index:long(0,0)&uid={bed13eea-f93b-4840-814e-e7b24049091d}" }, "geometry": { "type": "Point", "coordinates": [ 102.409778280661996, -4.048407164573391 ] } },
{ "type": "Feature", "properties": { "id": 495, "left": 11400204.370455341, "top": -451047.08934295276, "right": 11400209.370455341, "bottom": -451042.08934295276, "row_index": 18, "col_index": 14, "jenis": "palm", "layer": "Clipped", "path": "Point?crs=EPSG:3857&field=id:long(0,0)&field=left:double(0,0)&field=top:double(0,0)&field=right:double(0,0)&field=bottom:double(0,0)&field=row_index:long(0,0)&field=col_index:long(0,0)&uid={bed13eea-f93b-4840-814e-e7b24049091d}" }, "geometry": { "type": "Point", "coordinates": [ 102.409778280661996, -4.048451968260722 ] } },
{ "type": "Feature", "properties": { "id": 496, "left": 11400204.370455341, "top": -451052.08934295276, "right": 11400209.370455341, "bottom": -451047.08934295276, "row_index": 19, "col_index": 14, "jenis": "palm", "layer": "Clipped", "path": "Point?crs=EPSG:3857&field=id:long(0,0)&field=left:double(0,0)&field=top:double(0,0)&field=right:double(0,0)&field=bottom:double(0,0)&field=row_index:long(0,0)&field=col_index:long(0,0)&uid={bed13eea-f93b-4840-814e-e7b24049091d}" }, "geometry": { "type": "Point", "coordinates": [ 102.409778280661996, -4.048496771945573 ] } },
{ "type": "Feature", "properties": { "id": 497, "left": 11400204.370455341, "top": -451057.08934295276, "right": 11400209.370455341, "bottom": -451052.08934295276, "row_index": 20, "col_index": 14, "jenis": "palm", "layer": "Clipped", "path": "Point?crs=EPSG:3857&field=id:long(0,0)&field=left:double(0,0)&field=top:double(0,0)&field=right:double(0,0)&field=bottom:double(0,0)&field=row_index:long(0,0)&field=col_index:long(0,0)&uid={bed13eea-f93b-4840-814e-e7b24049091d}" }, "geometry": { "type": "Point", "coordinates": [ 102.409778280661996, -4.048541575627945 ] } },
{ "type": "Feature", "properties": { "id": 498, "left": 11400204.370455341, "top": -451062.08934295276, "right": 11400209.370455341, "bottom": -451057.08934295276, "row_index": 21, "col_index": 14, "jenis": "palm", "layer": "Clipped", "path": "Point?crs=EPSG:3857&field=id:long(0,0)&field=left:double(0,0)&field=top:double(0,0)&field=right:double(0,0)&field=bottom:double(0,0)&field=row_index:long(0,0)&field=col_index:long(0,0)&uid={bed13eea-f93b-4840-814e-e7b24049091d}" }, "geometry": { "type": "Point", "coordinates": [ 102.409778280661996, -4.048586379307837 ] } },
{ "type": "Feature", "properties": { "id": 499, "left": 11400204.370455341, "top": -451067.08934295276, "right": 11400209.370455341, "bottom": -451062.08934295276, "row_index": 22, "col_index": 14, "jenis": "palm", "layer": "Clipped", "path": "Point?crs=EPSG:3857&field=id:long(0,0)&field=left:double(0,0)&field=top:double(0,0)&field=right:double(0,0)&field=bottom:double(0,0)&field=row_index:long(0,0)&field=col_index:long(0,0)&uid={bed13eea-f93b-4840-814e-e7b24049091d}" }, "geometry": { "type": "Point", "coordinates": [ 102.409778280661996, -4.048631182985249 ] } },
{ "type": "Feature", "properties": { "id": 500, "left": 11400204.370455341, "top": -451072.08934295276, "right": 11400209.370455341, "bottom": -451067.08934295276, "row_index": 23, "col_index": 14, "jenis": "palm", "layer": "Clipped", "path": "Point?crs=EPSG:3857&field=id:long(0,0)&field=left:double(0,0)&field=top:double(0,0)&field=right:double(0,0)&field=bottom:double(0,0)&field=row_index:long(0,0)&field=col_index:long(0,0)&uid={bed13eea-f93b-4840-814e-e7b24049091d}" }, "geometry": { "type": "Point", "coordinates": [ 102.409778280661996, -4.048675986660182 ] } },
{ "type": "Feature", "properties": { "id": 501, "left": 11400204.370455341, "top": -451077.08934295276, "right": 11400209.370455341, "bottom": -451072.08934295276, "row_index": 24, "col_index": 14, "jenis": "palm", "layer": "Clipped", "path": "Point?crs=EPSG:3857&field=id:long(0,0)&field=left:double(0,0)&field=top:double(0,0)&field=right:double(0,0)&field=bottom:double(0,0)&field=row_index:long(0,0)&field=col_index:long(0,0)&uid={bed13eea-f93b-4840-814e-e7b24049091d}" }, "geometry": { "type": "Point", "coordinates": [ 102.409778280661996, -4.048720790332635 ] } },
{ "type": "Feature", "properties": { "id": 502, "left": 11400204.370455341, "top": -451082.08934295276, "right": 11400209.370455341, "bottom": -451077.08934295276, "row_index": 25, "col_index": 14, "jenis": "palm", "layer": "Clipped", "path": "Point?crs=EPSG:3857&field=id:long(0,0)&field=left:double(0,0)&field=top:double(0,0)&field=right:double(0,0)&field=bottom:double(0,0)&field=row_index:long(0,0)&field=col_index:long(0,0)&uid={bed13eea-f93b-4840-814e-e7b24049091d}" }, "geometry": { "type": "Point", "coordinates": [ 102.409778280661996, -4.048765594002607 ] } },
{ "type": "Feature", "properties": { "id": 529, "left": 11400209.370455341, "top": -451047.08934295276, "right": 11400214.370455341, "bottom": -451042.08934295276, "row_index": 18, "col_index": 15, "jenis": "palm", "layer": "Clipped", "path": "Point?crs=EPSG:3857&field=id:long(0,0)&field=left:double(0,0)&field=top:double(0,0)&field=right:double(0,0)&field=bottom:double(0,0)&field=row_index:long(0,0)&field=col_index:long(0,0)&uid={bed13eea-f93b-4840-814e-e7b24049091d}" }, "geometry": { "type": "Point", "coordinates": [ 102.409823196426203, -4.048451968260722 ] } },
{ "type": "Feature", "properties": { "id": 530, "left": 11400209.370455341, "top": -451052.08934295276, "right": 11400214.370455341, "bottom": -451047.08934295276, "row_index": 19, "col_index": 15, "jenis": "palm", "layer": "Clipped", "path": "Point?crs=EPSG:3857&field=id:long(0,0)&field=left:double(0,0)&field=top:double(0,0)&field=right:double(0,0)&field=bottom:double(0,0)&field=row_index:long(0,0)&field=col_index:long(0,0)&uid={bed13eea-f93b-4840-814e-e7b24049091d}" }, "geometry": { "type": "Point", "coordinates": [ 102.409823196426203, -4.048496771945573 ] } },
{ "type": "Feature", "properties": { "id": 531, "left": 11400209.370455341, "top": -451057.08934295276, "right": 11400214.370455341, "bottom": -451052.08934295276, "row_index": 20, "col_index": 15, "jenis": "palm", "layer": "Clipped", "path": "Point?crs=EPSG:3857&field=id:long(0,0)&field=left:double(0,0)&field=top:double(0,0)&field=right:double(0,0)&field=bottom:double(0,0)&field=row_index:long(0,0)&field=col_index:long(0,0)&uid={bed13eea-f93b-4840-814e-e7b24049091d}" }, "geometry": { "type": "Point", "coordinates": [ 102.409823196426203, -4.048541575627945 ] } },
{ "type": "Feature", "properties": { "id": 532, "left": 11400209.370455341, "top": -451062.08934295276, "right": 11400214.370455341, "bottom": -451057.08934295276, "row_index": 21, "col_index": 15, "jenis": "palm", "layer": "Clipped", "path": "Point?crs=EPSG:3857&field=id:long(0,0)&field=left:double(0,0)&field=top:double(0,0)&field=right:double(0,0)&field=bottom:double(0,0)&field=row_index:long(0,0)&field=col_index:long(0,0)&uid={bed13eea-f93b-4840-814e-e7b24049091d}" }, "geometry": { "type": "Point", "coordinates": [ 102.409823196426203, -4.048586379307837 ] } },
{ "type": "Feature", "properties": { "id": 533, "left": 11400209.370455341, "top": -451067.08934295276, "right": 11400214.370455341, "bottom": -451062.08934295276, "row_index": 22, "col_index": 15, "jenis": "palm", "layer": "Clipped", "path": "Point?crs=EPSG:3857&field=id:long(0,0)&field=left:double(0,0)&field=top:double(0,0)&field=right:double(0,0)&field=bottom:double(0,0)&field=row_index:long(0,0)&field=col_index:long(0,0)&uid={bed13eea-f93b-4840-814e-e7b24049091d}" }, "geometry": { "type": "Point", "coordinates": [ 102.409823196426203, -4.048631182985249 ] } },
{ "type": "Feature", "properties": { "id": 534, "left": 11400209.370455341, "top": -451072.08934295276, "right": 11400214.370455341, "bottom": -451067.08934295276, "row_index": 23, "col_index": 15, "jenis": "palm", "layer": "Clipped", "path": "Point?crs=EPSG:3857&field=id:long(0,0)&field=left:double(0,0)&field=top:double(0,0)&field=right:double(0,0)&field=bottom:double(0,0)&field=row_index:long(0,0)&field=col_index:long(0,0)&uid={bed13eea-f93b-4840-814e-e7b24049091d}" }, "geometry": { "type": "Point", "coordinates": [ 102.409823196426203, -4.048675986660182 ] } },
{ "type": "Feature", "properties": { "id": 535, "left": 11400209.370455341, "top": -451077.08934295276, "right": 11400214.370455341, "bottom": -451072.08934295276, "row_index": 24, "col_index": 15, "jenis": "palm", "layer": "Clipped", "path": "Point?crs=EPSG:3857&field=id:long(0,0)&field=left:double(0,0)&field=top:double(0,0)&field=right:double(0,0)&field=bottom:double(0,0)&field=row_index:long(0,0)&field=col_index:long(0,0)&uid={bed13eea-f93b-4840-814e-e7b24049091d}" }, "geometry": { "type": "Point", "coordinates": [ 102.409823196426203, -4.048720790332635 ] } },
{ "type": "Feature", "properties": { "id": 536, "left": 11400209.370455341, "top": -451082.08934295276, "right": 11400214.370455341, "bottom": -451077.08934295276, "row_index": 25, "col_index": 15, "jenis": "palm", "layer": "Clipped", "path": "Point?crs=EPSG:3857&field=id:long(0,0)&field=left:double(0,0)&field=top:double(0,0)&field=right:double(0,0)&field=bottom:double(0,0)&field=row_index:long(0,0)&field=col_index:long(0,0)&uid={bed13eea-f93b-4840-814e-e7b24049091d}" }, "geometry": { "type": "Point", "coordinates": [ 102.409823196426203, -4.048765594002607 ] } },
{ "type": "Feature", "properties": { "id": 537, "left": 11400209.370455341, "top": -451087.08934295276, "right": 11400214.370455341, "bottom": -451082.08934295276, "row_index": 26, "col_index": 15, "jenis": "palm", "layer": "Clipped", "path": "Point?crs=EPSG:3857&field=id:long(0,0)&field=left:double(0,0)&field=top:double(0,0)&field=right:double(0,0)&field=bottom:double(0,0)&field=row_index:long(0,0)&field=col_index:long(0,0)&uid={bed13eea-f93b-4840-814e-e7b24049091d}" }, "geometry": { "type": "Point", "coordinates": [ 102.409823196426203, -4.048810397670101 ] } },
{ "type": "Feature", "properties": { "id": 564, "left": 11400214.370455341, "top": -451052.08934295276, "right": 11400219.370455341, "bottom": -451047.08934295276, "row_index": 19, "col_index": 16, "jenis": "palm", "layer": "Clipped", "path": "Point?crs=EPSG:3857&field=id:long(0,0)&field=left:double(0,0)&field=top:double(0,0)&field=right:double(0,0)&field=bottom:double(0,0)&field=row_index:long(0,0)&field=col_index:long(0,0)&uid={bed13eea-f93b-4840-814e-e7b24049091d}" }, "geometry": { "type": "Point", "coordinates": [ 102.409868112190409, -4.048496771945573 ] } },
{ "type": "Feature", "properties": { "id": 565, "left": 11400214.370455341, "top": -451057.08934295276, "right": 11400219.370455341, "bottom": -451052.08934295276, "row_index": 20, "col_index": 16, "jenis": "palm", "layer": "Clipped", "path": "Point?crs=EPSG:3857&field=id:long(0,0)&field=left:double(0,0)&field=top:double(0,0)&field=right:double(0,0)&field=bottom:double(0,0)&field=row_index:long(0,0)&field=col_index:long(0,0)&uid={bed13eea-f93b-4840-814e-e7b24049091d}" }, "geometry": { "type": "Point", "coordinates": [ 102.409868112190409, -4.048541575627945 ] } },
{ "type": "Feature", "properties": { "id": 566, "left": 11400214.370455341, "top": -451062.08934295276, "right": 11400219.370455341, "bottom": -451057.08934295276, "row_index": 21, "col_index": 16, "jenis": "palm", "layer": "Clipped", "path": "Point?crs=EPSG:3857&field=id:long(0,0)&field=left:double(0,0)&field=top:double(0,0)&field=right:double(0,0)&field=bottom:double(0,0)&field=row_index:long(0,0)&field=col_index:long(0,0)&uid={bed13eea-f93b-4840-814e-e7b24049091d}" }, "geometry": { "type": "Point", "coordinates": [ 102.409868112190409, -4.048586379307837 ] } },
{ "type": "Feature", "properties": { "id": 567, "left": 11400214.370455341, "top": -451067.08934295276, "right": 11400219.370455341, "bottom": -451062.08934295276, "row_index": 22, "col_index": 16, "jenis": "palm", "layer": "Clipped", "path": "Point?crs=EPSG:3857&field=id:long(0,0)&field=left:double(0,0)&field=top:double(0,0)&field=right:double(0,0)&field=bottom:double(0,0)&field=row_index:long(0,0)&field=col_index:long(0,0)&uid={bed13eea-f93b-4840-814e-e7b24049091d}" }, "geometry": { "type": "Point", "coordinates": [ 102.409868112190409, -4.048631182985249 ] } },
{ "type": "Feature", "properties": { "id": 568, "left": 11400214.370455341, "top": -451072.08934295276, "right": 11400219.370455341, "bottom": -451067.08934295276, "row_index": 23, "col_index": 16, "jenis": "palm", "layer": "Clipped", "path": "Point?crs=EPSG:3857&field=id:long(0,0)&field=left:double(0,0)&field=top:double(0,0)&field=right:double(0,0)&field=bottom:double(0,0)&field=row_index:long(0,0)&field=col_index:long(0,0)&uid={bed13eea-f93b-4840-814e-e7b24049091d}" }, "geometry": { "type": "Point", "coordinates": [ 102.409868112190409, -4.048675986660182 ] } },
{ "type": "Feature", "properties": { "id": 569, "left": 11400214.370455341, "top": -451077.08934295276, "right": 11400219.370455341, "bottom": -451072.08934295276, "row_index": 24, "col_index": 16, "jenis": "palm", "layer": "Clipped", "path": "Point?crs=EPSG:3857&field=id:long(0,0)&field=left:double(0,0)&field=top:double(0,0)&field=right:double(0,0)&field=bottom:double(0,0)&field=row_index:long(0,0)&field=col_index:long(0,0)&uid={bed13eea-f93b-4840-814e-e7b24049091d}" }, "geometry": { "type": "Point", "coordinates": [ 102.409868112190409, -4.048720790332635 ] } },
{ "type": "Feature", "properties": { "id": 570, "left": 11400214.370455341, "top": -451082.08934295276, "right": 11400219.370455341, "bottom": -451077.08934295276, "row_index": 25, "col_index": 16, "jenis": "palm", "layer": "Clipped", "path": "Point?crs=EPSG:3857&field=id:long(0,0)&field=left:double(0,0)&field=top:double(0,0)&field=right:double(0,0)&field=bottom:double(0,0)&field=row_index:long(0,0)&field=col_index:long(0,0)&uid={bed13eea-f93b-4840-814e-e7b24049091d}" }, "geometry": { "type": "Point", "coordinates": [ 102.409868112190409, -4.048765594002607 ] } },
{ "type": "Feature", "properties": { "id": 571, "left": 11400214.370455341, "top": -451087.08934295276, "right": 11400219.370455341, "bottom": -451082.08934295276, "row_index": 26, "col_index": 16, "jenis": "palm", "layer": "Clipped", "path": "Point?crs=EPSG:3857&field=id:long(0,0)&field=left:double(0,0)&field=top:double(0,0)&field=right:double(0,0)&field=bottom:double(0,0)&field=row_index:long(0,0)&field=col_index:long(0,0)&uid={bed13eea-f93b-4840-814e-e7b24049091d}" }, "geometry": { "type": "Point", "coordinates": [ 102.409868112190409, -4.048810397670101 ] } },
{ "type": "Feature", "properties": { "id": 598, "left": 11400219.370455341, "top": -451052.08934295276, "right": 11400224.370455341, "bottom": -451047.08934295276, "row_index": 19, "col_index": 17, "jenis": "palm", "layer": "Clipped", "path": "Point?crs=EPSG:3857&field=id:long(0,0)&field=left:double(0,0)&field=top:double(0,0)&field=right:double(0,0)&field=bottom:double(0,0)&field=row_index:long(0,0)&field=col_index:long(0,0)&uid={bed13eea-f93b-4840-814e-e7b24049091d}" }, "geometry": { "type": "Point", "coordinates": [ 102.409913027954616, -4.048496771945573 ] } },
{ "type": "Feature", "properties": { "id": 599, "left": 11400219.370455341, "top": -451057.08934295276, "right": 11400224.370455341, "bottom": -451052.08934295276, "row_index": 20, "col_index": 17, "jenis": "palm", "layer": "Clipped", "path": "Point?crs=EPSG:3857&field=id:long(0,0)&field=left:double(0,0)&field=top:double(0,0)&field=right:double(0,0)&field=bottom:double(0,0)&field=row_index:long(0,0)&field=col_index:long(0,0)&uid={bed13eea-f93b-4840-814e-e7b24049091d}" }, "geometry": { "type": "Point", "coordinates": [ 102.409913027954616, -4.048541575627945 ] } },
{ "type": "Feature", "properties": { "id": 600, "left": 11400219.370455341, "top": -451062.08934295276, "right": 11400224.370455341, "bottom": -451057.08934295276, "row_index": 21, "col_index": 17, "jenis": "palm", "layer": "Clipped", "path": "Point?crs=EPSG:3857&field=id:long(0,0)&field=left:double(0,0)&field=top:double(0,0)&field=right:double(0,0)&field=bottom:double(0,0)&field=row_index:long(0,0)&field=col_index:long(0,0)&uid={bed13eea-f93b-4840-814e-e7b24049091d}" }, "geometry": { "type": "Point", "coordinates": [ 102.409913027954616, -4.048586379307837 ] } },
{ "type": "Feature", "properties": { "id": 601, "left": 11400219.370455341, "top": -451067.08934295276, "right": 11400224.370455341, "bottom": -451062.08934295276, "row_index": 22, "col_index": 17, "jenis": "palm", "layer": "Clipped", "path": "Point?crs=EPSG:3857&field=id:long(0,0)&field=left:double(0,0)&field=top:double(0,0)&field=right:double(0,0)&field=bottom:double(0,0)&field=row_index:long(0,0)&field=col_index:long(0,0)&uid={bed13eea-f93b-4840-814e-e7b24049091d}" }, "geometry": { "type": "Point", "coordinates": [ 102.409913027954616, -4.048631182985249 ] } },
{ "type": "Feature", "properties": { "id": 602, "left": 11400219.370455341, "top": -451072.08934295276, "right": 11400224.370455341, "bottom": -451067.08934295276, "row_index": 23, "col_index": 17, "jenis": "palm", "layer": "Clipped", "path": "Point?crs=EPSG:3857&field=id:long(0,0)&field=left:double(0,0)&field=top:double(0,0)&field=right:double(0,0)&field=bottom:double(0,0)&field=row_index:long(0,0)&field=col_index:long(0,0)&uid={bed13eea-f93b-4840-814e-e7b24049091d}" }, "geometry": { "type": "Point", "coordinates": [ 102.409913027954616, -4.048675986660182 ] } },
{ "type": "Feature", "properties": { "id": 632, "left": 11400224.370455341, "top": -451052.08934295276, "right": 11400229.370455341, "bottom": -451047.08934295276, "row_index": 19, "col_index": 18, "jenis": "palm", "layer": "Clipped", "path": "Point?crs=EPSG:3857&field=id:long(0,0)&field=left:double(0,0)&field=top:double(0,0)&field=right:double(0,0)&field=bottom:double(0,0)&field=row_index:long(0,0)&field=col_index:long(0,0)&uid={bed13eea-f93b-4840-814e-e7b24049091d}" }, "geometry": { "type": "Point", "coordinates": [ 102.409957943718823, -4.048496771945573 ] } },
{ "type": "Feature", "properties": { "id": 633, "left": 11400224.370455341, "top": -451057.08934295276, "right": 11400229.370455341, "bottom": -451052.08934295276, "row_index": 20, "col_index": 18, "jenis": "palm", "layer": "Clipped", "path": "Point?crs=EPSG:3857&field=id:long(0,0)&field=left:double(0,0)&field=top:double(0,0)&field=right:double(0,0)&field=bottom:double(0,0)&field=row_index:long(0,0)&field=col_index:long(0,0)&uid={bed13eea-f93b-4840-814e-e7b24049091d}" }, "geometry": { "type": "Point", "coordinates": [ 102.409957943718823, -4.048541575627945 ] } },
{ "type": "Feature", "properties": { "id": 634, "left": 11400224.370455341, "top": -451062.08934295276, "right": 11400229.370455341, "bottom": -451057.08934295276, "row_index": 21, "col_index": 18, "jenis": "palm", "layer": "Clipped", "path": "Point?crs=EPSG:3857&field=id:long(0,0)&field=left:double(0,0)&field=top:double(0,0)&field=right:double(0,0)&field=bottom:double(0,0)&field=row_index:long(0,0)&field=col_index:long(0,0)&uid={bed13eea-f93b-4840-814e-e7b24049091d}" }, "geometry": { "type": "Point", "coordinates": [ 102.409957943718823, -4.048586379307837 ] } },
{ "type": "Feature", "properties": { "id": 635, "left": 11400224.370455341, "top": -451067.08934295276, "right": 11400229.370455341, "bottom": -451062.08934295276, "row_index": 22, "col_index": 18, "jenis": "palm", "layer": "Clipped", "path": "Point?crs=EPSG:3857&field=id:long(0,0)&field=left:double(0,0)&field=top:double(0,0)&field=right:double(0,0)&field=bottom:double(0,0)&field=row_index:long(0,0)&field=col_index:long(0,0)&uid={bed13eea-f93b-4840-814e-e7b24049091d}" }, "geometry": { "type": "Point", "coordinates": [ 102.409957943718823, -4.048631182985249 ] } },
{ "type": "Feature", "properties": { "id": 667, "left": 11400229.370455341, "top": -451057.08934295276, "right": 11400234.370455341, "bottom": -451052.08934295276, "row_index": 20, "col_index": 19, "jenis": "palm", "layer": "Clipped", "path": "Point?crs=EPSG:3857&field=id:long(0,0)&field=left:double(0,0)&field=top:double(0,0)&field=right:double(0,0)&field=bottom:double(0,0)&field=row_index:long(0,0)&field=col_index:long(0,0)&uid={bed13eea-f93b-4840-814e-e7b24049091d}" }, "geometry": { "type": "Point", "coordinates": [ 102.410002859483015, -4.048541575627945 ] } },
{ "type": "Feature", "properties": { "id": 668, "left": 11400229.370455341, "top": -451062.08934295276, "right": 11400234.370455341, "bottom": -451057.08934295276, "row_index": 21, "col_index": 19, "jenis": "palm", "layer": "Clipped", "path": "Point?crs=EPSG:3857&field=id:long(0,0)&field=left:double(0,0)&field=top:double(0,0)&field=right:double(0,0)&field=bottom:double(0,0)&field=row_index:long(0,0)&field=col_index:long(0,0)&uid={bed13eea-f93b-4840-814e-e7b24049091d}" }, "geometry": { "type": "Point", "coordinates": [ 102.410002859483015, -4.048586379307837 ] } },
{ "type": "Feature", "properties": { "id": 669, "left": 11400229.370455341, "top": -451067.08934295276, "right": 11400234.370455341, "bottom": -451062.08934295276, "row_index": 22, "col_index": 19, "jenis": "palm", "layer": "Clipped", "path": "Point?crs=EPSG:3857&field=id:long(0,0)&field=left:double(0,0)&field=top:double(0,0)&field=right:double(0,0)&field=bottom:double(0,0)&field=row_index:long(0,0)&field=col_index:long(0,0)&uid={bed13eea-f93b-4840-814e-e7b24049091d}" }, "geometry": { "type": "Point", "coordinates": [ 102.410002859483015, -4.048631182985249 ] } },
{ "type": "Feature", "properties": { "id": 701, "left": 11400234.370455341, "top": -451057.08934295276, "right": 11400239.370455341, "bottom": -451052.08934295276, "row_index": 20, "col_index": 20, "jenis": "palm", "layer": "Clipped", "path": "Point?crs=EPSG:3857&field=id:long(0,0)&field=left:double(0,0)&field=top:double(0,0)&field=right:double(0,0)&field=bottom:double(0,0)&field=row_index:long(0,0)&field=col_index:long(0,0)&uid={bed13eea-f93b-4840-814e-e7b24049091d}" }, "geometry": { "type": "Point", "coordinates": [ 102.410047775247236, -4.048541575627945 ] } },
{ "type": "Feature", "properties": { "id": 702, "left": 11400234.370455341, "top": -451062.08934295276, "right": 11400239.370455341, "bottom": -451057.08934295276, "row_index": 21, "col_index": 20, "jenis": "palm", "layer": "Clipped", "path": "Point?crs=EPSG:3857&field=id:long(0,0)&field=left:double(0,0)&field=top:double(0,0)&field=right:double(0,0)&field=bottom:double(0,0)&field=row_index:long(0,0)&field=col_index:long(0,0)&uid={bed13eea-f93b-4840-814e-e7b24049091d}" }, "geometry": { "type": "Point", "coordinates": [ 102.410047775247236, -4.048586379307837 ] } },
{ "type": "Feature", "properties": { "id": 703, "left": 11400234.370455341, "top": -451067.08934295276, "right": 11400239.370455341, "bottom": -451062.08934295276, "row_index": 22, "col_index": 20, "jenis": "palm", "layer": "Clipped", "path": "Point?crs=EPSG:3857&field=id:long(0,0)&field=left:double(0,0)&field=top:double(0,0)&field=right:double(0,0)&field=bottom:double(0,0)&field=row_index:long(0,0)&field=col_index:long(0,0)&uid={bed13eea-f93b-4840-814e-e7b24049091d}" }, "geometry": { "type": "Point", "coordinates": [ 102.410047775247236, -4.048631182985249 ] } },
{ "type": "Feature", "properties": { "id": 736, "left": 11400239.370455341, "top": -451062.08934295276, "right": 11400244.370455341, "bottom": -451057.08934295276, "row_index": 21, "col_index": 21, "jenis": "palm", "layer": "Clipped", "path": "Point?crs=EPSG:3857&field=id:long(0,0)&field=left:double(0,0)&field=top:double(0,0)&field=right:double(0,0)&field=bottom:double(0,0)&field=row_index:long(0,0)&field=col_index:long(0,0)&uid={bed13eea-f93b-4840-814e-e7b24049091d}" }, "geometry": { "type": "Point", "coordinates": [ 102.410092691011442, -4.048586379307837 ] } },
{ "type": "Feature", "properties": { "id": 737, "left": 11400239.370455341, "top": -451067.08934295276, "right": 11400244.370455341, "bottom": -451062.08934295276, "row_index": 22, "col_index": 21, "jenis": "palm", "layer": "Clipped", "path": "Point?crs=EPSG:3857&field=id:long(0,0)&field=left:double(0,0)&field=top:double(0,0)&field=right:double(0,0)&field=bottom:double(0,0)&field=row_index:long(0,0)&field=col_index:long(0,0)&uid={bed13eea-f93b-4840-814e-e7b24049091d}" }, "geometry": { "type": "Point", "coordinates": [ 102.410092691011442, -4.048631182985249 ] } },
{ "type": "Feature", "properties": { "id": 738, "left": 11400239.370455341, "top": -451072.08934295276, "right": 11400244.370455341, "bottom": -451067.08934295276, "row_index": 23, "col_index": 21, "jenis": "palm", "layer": "Clipped", "path": "Point?crs=EPSG:3857&field=id:long(0,0)&field=left:double(0,0)&field=top:double(0,0)&field=right:double(0,0)&field=bottom:double(0,0)&field=row_index:long(0,0)&field=col_index:long(0,0)&uid={bed13eea-f93b-4840-814e-e7b24049091d}" }, "geometry": { "type": "Point", "coordinates": [ 102.410092691011442, -4.048675986660182 ] } },
{ "type": "Feature", "properties": { "id": 770, "left": 11400244.370455341, "top": -451062.08934295276, "right": 11400249.370455341, "bottom": -451057.08934295276, "row_index": 21, "col_index": 22, "jenis": "palm", "layer": "Clipped", "path": "Point?crs=EPSG:3857&field=id:long(0,0)&field=left:double(0,0)&field=top:double(0,0)&field=right:double(0,0)&field=bottom:double(0,0)&field=row_index:long(0,0)&field=col_index:long(0,0)&uid={bed13eea-f93b-4840-814e-e7b24049091d}" }, "geometry": { "type": "Point", "coordinates": [ 102.410137606775649, -4.048586379307837 ] } },
{ "type": "Feature", "properties": { "id": 771, "left": 11400244.370455341, "top": -451067.08934295276, "right": 11400249.370455341, "bottom": -451062.08934295276, "row_index": 22, "col_index": 22, "jenis": "palm", "layer": "Clipped", "path": "Point?crs=EPSG:3857&field=id:long(0,0)&field=left:double(0,0)&field=top:double(0,0)&field=right:double(0,0)&field=bottom:double(0,0)&field=row_index:long(0,0)&field=col_index:long(0,0)&uid={bed13eea-f93b-4840-814e-e7b24049091d}" }, "geometry": { "type": "Point", "coordinates": [ 102.410137606775649, -4.048631182985249 ] } },
{ "type": "Feature", "properties": { "id": 772, "left": 11400244.370455341, "top": -451072.08934295276, "right": 11400249.370455341, "bottom": -451067.08934295276, "row_index": 23, "col_index": 22, "jenis": "palm", "layer": "Clipped", "path": "Point?crs=EPSG:3857&field=id:long(0,0)&field=left:double(0,0)&field=top:double(0,0)&field=right:double(0,0)&field=bottom:double(0,0)&field=row_index:long(0,0)&field=col_index:long(0,0)&uid={bed13eea-f93b-4840-814e-e7b24049091d}" }, "geometry": { "type": "Point", "coordinates": [ 102.410137606775649, -4.048675986660182 ] } }
]
}
